"id","name","isDisable","isSubRecipe","category.label","cost.prodQty","cost.prodCost","cost.baseCost","cost.prodUOM.label","cost.sellPrice","cost.suggestPrice","cost.sellMargin","cost.stdMargin","extra.notes","extra.utensil"
"0qrLgiBanrHK3QoG5Hw9","50 gm Chappathy",false,false,"Piece Main Dish",68,126.805,1.8648,"NOS",25,9.324,13.4063,5,,"Hotbox: HB"
"7MwR87y4f99Bp9uKCO3u","Adai Aviyal Aravai",false,true,"Tiffen Sambar",13,215.362,16.5663,"KG",0,82.8315,0,5,,""
"dyQDJaGvcGiFIff3OKDH","Adai Aviyal Thalippu",false,true,"Tiffen Sambar",10,52.132,5.2132,"KG",0,26.066,0,5,,""
"33j54fJ7czAVYnxW8Etv","Appalam",false,false,"Fryums",100,210.95,2.1095,"NOS",6.5,10.5475,3.0813,5,,""
"eClOIv0eRAZ0dPsgYkAK","Aviyal",false,false,"Kootu",11.5,914.691,79.5383,"KG",500,397.6915,6.2863,5,,"Hotbox: ID"
"a3Ix9eAjGJciIlT7lcoV","Aviyal - Aviyal Aravai",false,true,"Kootu",10,221.525,22.1525,"KG",1,110.7625,0.0451,5,,""
"cggcDRSEssVyvnS2i7jH","Aviyal- Poosani",false,false,"Kootu",8.6,591.2228,68.7468,"KG",350,343.734,5.0911,5,,"Hotbox: ID"
"SeFywRpMtRAXUPBH1nzR","BMD - Idly Manchurian",false,false,"Bulk Main Dish",150,388.2438,2.5883,"NOS",110,12.435,42.4989,5,,""
"xljJEfRzl2Ci08Jqf3XA","BMD - Khowsuey    ",false,false,"Bulk Main Dish",1.3,174.2575,134.0442,"KG",500,670.221,3.7301,5,,""
"3I7S8nkXqvo3d1L0ELvL","BMD - Khowsuey Gravy",false,true,"Bulk Main Dish",1.3,150.723,115.9408,"KG",0.01,579.704,0.0001,5,,""
"fyQ3rojqvupfoXUxijhJ","BMD - Masala Idiyappam",false,false,"Bulk Main Dish",1.4,81.459,58.185,"KG",250,290.925,4.2966,5,,""
"geHAt0gl6lGtv5gAkFJG","BMD - Palak Idiyappam",false,false,"Bulk Main Dish",1,87.024,87.024,"KG",400,435.12,4.5964,5,,"Hotbox: HB"
"I7mGJwJboK925OKy50Tu","BMD - Palak Idiyappam Aravai",false,true,"Bulk Main Dish",1,19.93,19.93,"KG",0.01,99.65,0.0005,5,,""
"G3sHN7RjVhaPYMTSVTSP","BMD - Rice Noodle in Idly Podi",false,false,"Bulk Main Dish",9.4,0,0,"KG",300,0,0,5,,"Hotbox: HB"
"nm0K78JCk9480qVRycCW","BMD - Spl. Kothu Chappathi",false,false,"Bulk Main Dish",9.5,827.188,87.0724,"KG",500,435.362,5.7423,5,,""
"I9NIYlRqkOZKft4w3xFB","BMD - Veg Rice Noodle",false,false,"Bulk Main Dish",9.4,458.15,48.7394,"KG",300,243.697,6.1552,5,,"Hotbox: HB"
"be5IJN0C93c0JVQdHTGG","BMD- Keppai Idiyappam",false,false,"Bulk Main Dish",140,219.04,1.5646,"NOS",16,7.823,10.2263,5,,""
"Fh0RLaMlymqxsOuThByn","BMD- Lemon Idiyappam",false,false,"Bulk Main Dish",9,375.63,41.7367,"KG",200,208.6835,4.7919,5,,""
"p23qDnFzSb3EDJ2sjA8q","BMD- Milagu Idiyappam",false,false,"Bulk Main Dish",8.85,354.105,40.0119,"KG",300,200.0595,7.4978,5,,"Hotbox: HB"
"EUAokkho1dieB1308f7U","BMD- Milagu,Seeraga Idiyappam",false,false,"Bulk Main Dish",9.6,474.105,49.3859,"KG",300,246.9295,6.0746,5,,"Hotbox: HB"
"bDdmregXZptikgiRz9QR","BMD- Schezvan Noodles",false,false,"Bulk Main Dish",10,624.3625,62.4362,"KG",300,312.181,4.8049,5,,""
"7ggxWUaZc9YBnr0TbaKE","BMD- Spl Kothu Parota",false,false,"Bulk Main Dish",10,789.184,78.9184,"KG",600,394.592,7.6028,5,,""
"zN3AgBT8JXLTTCwvAnSu","BMD- Thalitta Idiyappam",false,false,"Bulk Main Dish",9.25,339.22,36.6724,"KG",300,188.4555,8.1805,5,,"Hotbox: HB"
"LcynUZOtaPEgIS3ASqK1","BMD-Karuveppilai Podi Idiyappam",false,false,"Bulk Main Dish",18.5,1015.7141,54.9035,"KG",350,274.5175,6.3748,5,,""
"rghpz24YwknjVVaSnA8S","BMD-Kothu Parota",false,false,"Bulk Main Dish",10,845.906,84.5906,"KG",600,422.953,7.093,5,,""
"hajFvRDZ8N96B7TzkniJ","BMD-M.Samba Upma",false,false,"Bulk Main Dish",3.75,218.5875,58.29,"NOS",375,291.45,6.4334,5,,""
"olaiMHBfG6HhOQ6vw3V4","BMD-Malli Idiyappam",false,false,"Bulk Main Dish",9.5,590.8507,62.1948,"KG",300,310.974,4.8236,5,,""
"TlF0gVtFHgWit7FbQkuV","BMD-Malli Idiyappam Thalippu",false,true,"Bulk Main Dish",10,142.75,14.275,"KG",0,71.375,0,5,,""
"uRzUd7XPePAHUCzZspit","BMD-Malli Mini Idly",false,false,"Bulk Main Dish",10.5,601.0527,57.2431,"KG",300,275.404,5.2408,5,,""
"QftEEfjrPSpLRUcCbg0Q","BMD-Malli idiyappam Aravai",false,true,"Bulk Main Dish",10,190.784,19.0784,"KG",0,95.392,0,5,,""
"6N0HU1mjum8pVEdnafZm","BMD-PANEER KOTHU PAROTTA",false,false,"Bulk Main Dish",10,999.891,99.9891,"KG",600,499.9455,6.0007,5,,""
"odDONnXHssxx9hQXM9WL","BR-Ponni Pacharisi Sadham",false,false,"Boiled rice",3.5,66,18.8571,"KG",80,94.2855,4.2424,5,,""
"DV1enKnnUtPksNu5YxcO","BS - Online Pasiparuppu Puttu",false,false,"Sweet Bulk",12.6,1307.05,103.7341,"KG",500,518.6705,4.82,5,,""
"fbwLlbRwOvXVLS3P8SEK","BS - Pasiparuppu Puttu",false,false,"Sweet Bulk",11.5,1554.2,135.1478,"KG",500,675.739,3.6997,5,,""
"a2qDSO0yrhXnk4bYnrB2","BS - Rangoon Puttu",false,false,"Sweet Bulk",11,1344.15,122.1955,"KG",550,610.9775,4.501,5,,""
"S7ls0afpuxnH09ccm4Nm","BS- Tirattupal",false,false,"Sweet Bulk",3.5,669.45,191.2714,"KG",700,956.357,3.6597,5,,""
"istyc3TKpHZps5xqMKja","BS-SW- Sweet Idiyappam Vellam",false,false,"Sweet Bulk",3,212.1,70.7,"KG",350,353.5,4.9505,5,,""
"UnWkjt3Cl5yjk4D2uFXm","BSW- Madhuvarkkam",false,false,"Sweet Bulk",10,1180.83,118.083,"KG",500,577.915,4.3259,5,,""
"J2lVdiEDKbYK4JQbtEuj","Baby Corn Fry(Nos)",false,false,"Starter",100,725.72,7.2572,"NOS",35,36.286,4.8228,5,,""
"zzyfm1Z58GeciBoZVJ3U","Beeda",false,false,"HOS",1,0,0,"NOS",15,0,0,5,,""
"vxvP9iLKgP5NlbW649mS","Bisleri 300 ml (24 Bottle)",false,false,"Service Items",1,160.08,160.08,"Case",175,800.4,1.0932,5,,""
"wJpnYCBRIEsWMRgPTr2G","Boiled Toor Dal",false,true,"Preparation",4.25,171.003,40.236,"KG",0,201.18,0,5,,""
"gkrc6ui29R1fyvU59PY8","Bread Fry",false,false,"Snacks",1,4,4,"NOS",5,0,1.25,5,,""
"XgsyueINMPSizmBuLfJo","Brinjal Kosthu",false,false,"Tiffen Sambar",2.4,143.4857,59.7857,"KG",0,298.9285,0,5,,""
"ICbTJ8awNBfcn0aDvZpB","Brinjal Kosthu Podi",false,true,"Tiffen Sambar",7,77.81,11.1157,"KG",0,55.5785,0,5,,""
"k4TBVtjJVJVaKclbjjm2","Butter",false,false,"Bulk Main Dish",1,500,500,"KG",600,2500,1.2,5,,""
"HU5htadbiBzNwJjuhsAo","CB-Cold Badham Milk ",false,false,"Hot Beverage",10,606.3,60.63,"KG",500,0,8.2467,5,,"Hotbox: TC"
"GWeIo9b3tudbw1Qa2wbc","CCN Powder",false,true,"Powder",10,0,0,"KG",1,0,0,4,,""
"zSTdQZP0abmJNTSga2ru","CCN Powder",false,true,"Powder",10,12154,1215.4,"KG",1,4861.6,0.0008,4,,""
"FzQXDkbvYSHKWGGYLdNe","COMBO - Chappathy",false,false,"Piece Main Dish",100,146.805,1.4681,"NOS",20,7.3405,13.6231,5,,"Hotbox: HB"
"GNGJrAREZsvXx7CqIhvT","Chaat - Channa",false,false,"Snacks",2.3,112.8051,49.0457,"KG",300,240.625,6.2338,5,,""
"2W7jh3W2f0PCo3HsweEt","Chaat - Channa Topping",false,true,"Snacks",1.7,9.75,5.7353,"KG",0,28.6765,0,5,,""
"XnEUgHUDVeBKqYf42vww","Chaat Chutney - Green",false,true,"Chutney",10,516.65,51.665,"KG",0,206.66,0.0211,4,,""
"2oRFIRJFcikdBiBpb9qS","Chaat Chutney - Green",false,false,"Chutney",10,338.4,33.84,"KG",0.01,169.2,0.0003,5,,""
"KqQbItM2g6oBff0dMJEe","Chaat Chutney - Sweet Chutney",false,true,"Snacks",10,709.2,70.92,"KG",0,312.4125,0,5,,""
"zCisxEyYQMrKGA8XNcRe","Chapathy- Live",false,false,"Piece Main Dish",70,166.045,2.3721,"NOS",18,10.703,8.4089,5,,"Hotbox: HB"
"Cf07wn5HwQr92aPtGC8g","Chappathy",false,false,"Piece Main Dish",85,126.805,1.4918,"NOS",25,7.459,16.7583,5,,"Hotbox: HB"
"7InnagBcQcOYemCRE63B","Chappathy - Protein",false,false,"Piece Main Dish",22,50.9906,2.3178,"NOS",25,11.589,10.7861,5,,""
"Dv01BU2jFI6498kHDZFM","Chappathy - Protein Masala",false,true,"Piece Main Dish",22,31.1817,1.4173,"NOS",2,7.0865,1.4111,5,,""
"lOUsjMknYNz1CeKYNIOk","Chat Chutney - Sweet",false,false,"Chutney",1,76.3,76.3,"KG",250,381.5,3.2765,5,,""
"f3zZjAxcxDvuKcaHCFkk","Chettinad Spl. Kozhukattai",false,false,"Piece Main Dish",90,102.019,1.1335,"NOS",15,5.6675,13.2333,5,,""
"HWlc43DtF0eqGI29PQrD","Chinese Veg Gravy",false,false,"Starter",10,272.993,27.2993,"KG",400,136.4965,14.6524,5,,""
"glaEc9JhrMPekRjHuwsm","Chips - Potato",false,false,"Chips",10,3260.474,326.0474,"KG",675,1630.237,2.0703,5,,"Non Insulated: Thooku"
"quBYWWyq35oRRRjIQdrk","Chips - Potato (S)",false,false,"Chips",10,330,33,"KG",675,132,20.4545,4,,"Non Insulated: Thooku"
"gZy6tl3jm15F8oFjnkVP","Chips - Tapaico",false,false,"Chips",0.4,73.246,183.115,"KG",900,935.075,4.9149,5,,""
"OhYkfahZVadmXsZ9L602","Chips-Topiaco Chips",false,false,"Chips",1,0,0,"KG",400,0,0,5,,""
"XzrlJRyEBJo3DOC6qNwm","Chips-Vazhakkai Chips",false,false,"Chips",10,2188.6908,218.8691,"KG",625,875.4764,2.8556,4,,"Hotbox: TC"
"qz1fAlsX6JBn1eu2li6n","Chutney - Chow Chow",false,false,"Chutney",0.666,39.003,58.5631,"KG",0,292.8155,0,5,,""
"zfpViFxxiUFfNiqWrmj1","Chutney - Coconut Chutney",false,false,"Chutney",10,622.64,62.264,"KG",0,311.32,6.8026,5,,"Hotbox: TC"
"MwoMmSEQccpXasX8VK13","Chutney - Coconut Chutney Late",false,false,"Chutney",10,622.64,62.264,"KG",0,311.32,0,5,,"Hotbox: TC"
"d2vrkPvRO3wlqVGM9BwV","Chutney - Cucumber Chutney",false,false,"Chutney",0.5,33.102,66.204,"KG",0,331.02,0,5,,""
"uV3DroUku0989a0dUsAF","Chutney - Kasi Milagaai",false,false,"Chutney",10,811.98,81.198,"KG",300,247.992,4.8389,4,,"Non Insulated: Thooku"
"lPejVugxHgq8ueEZFqCz","Chutney - Malli (WO Coconut)",false,false,"Chutney",7,455.65,65.0929,"KG",0,325.4645,0,5,,"Non Insulated: Thooku"
"chaA9lAjUSADXXJRlH6t","Chutney - Malli (WO Onion)",false,false,"Chutney",7,562.35,80.3357,"KG",0,401.6785,0,5,,"Non Insulated: Thooku"
"J5Ow1hg88pIeg4sXYhp2","Chutney - No Onion, Tomato Chutney",false,false,"Chutney",3.4,126.256,37.1341,"KG",0,185.6705,0,5,,""
"D6Wjqjhis205H7CNG11r","Chutney - No Tomato Thuvayal",false,false,"Chutney",5.3,569.115,107.3802,"KG",0,536.901,0,5,,""
"uTpDblAhhs41lyv169cc","Chutney - Onion Kara Chutney",false,false,"Chutney",0.5,24.12,48.24,"KG",0,241.2,0,5,,""
"bQIIJe4PlK8GKcEnwYkQ","Chutney - Poondu Chutney",false,false,"Chutney",0.19,13.089,68.8895,"KG",0,249.7105,0,5,,""
"1fOFc9Gg1YgsEGCgMYGS","Chutney - Porichu Vaitha Chutney",false,false,"Chutney",0.5,40.158,80.316,"KG",0,401.58,0,5,,""
"eH7LXDoIKjoLLvQ2gKcb","Chutney - Pudhina (WO Coconut)",false,false,"Chutney",8,480.8,60.1,"KG",0,300.5,0,5,,"Non Insulated: Thooku"
"NhEhEM0nXJZt1Cdqj6ts","Chutney - Staff Chutney",false,false,"Chutney",1,0,0,"LT",1,0,0,5,,""
"gf3GH3XVWYnD7K49f4L9","Chutney - Tanger",false,false,"Chutney",10,1007.922,100.7922,"KG",1,503.961,0.0099,5,,"Non Insulated: Thooku"
"71BadIgzCgx8X0BAEnDh","Chutney- Andhra Milagai chutney",false,false,"Chutney",6,302.93,50.4883,"KG",0,252.4415,0,5,,""
"t57JODAKRAIywsTQtGbC","Chutney- Kadhamba Chutney",false,false,"Chutney",10,610.193,61.0193,"KG",0,305.0965,2.509,5,,"Hotbox: TC"
"kiaHkvExXrfr6Rt3PQlV","Chutney- Malli",false,false,"Chutney",14,821.57,58.6836,"KG",0,293.418,2.6404,5,,"Non Insulated: Thooku"
"abPwOgL0xJe30N0jUiLb","Chutney- Mint",false,false,"Chutney",11.5,524.27,45.5887,"KG",0,227.9435,2.7968,5,,"Non Insulated: Thooku"
"oQd0OmiqrBXCnBFavks4","Chutney- Silica Milagai Chutney",false,false,"Chutney",5.25,280.9261,53.5097,"KG",1,267.5485,0.0187,5,,"Hotbox: ID"
"Rliu3BllEm2ekmquPL8Y","Chutney- Tomato Chutney",false,false,"Chutney",10,456.2401,45.624,"KG",0,228.12,3.6064,5,,"Hotbox: TC"
"2iO9kMWT92yolGEqg4EN","Chutney-Company Kadhamba Chutney",false,false,"Chutney",11,603.988,54.908,"KG",0,274.54,3.4408,5,,"Non Insulated: Thooku"
"Zvbp9mYT8b79lY8HU56m","Chutney-Online Coconut Chutney",false,false,"Chutney",10,549.54,54.954,"KG",0,274.77,2.9354,5,,"Hotbox: TC"
"PolnzFg5PLDG5FQjbEHs","Chutney-Peanut Chutney",false,false,"Chutney",10.4,510.107,49.0488,"KG",0,245.244,4.1899,5,,"Hotbox: TC"
"pyfVSuFe7TT1EGbObX9f","Chutney-Red chilli, Coconut Chutney",false,false,"Chutney",12,642.67,53.5558,"KG",0,267.779,0,5,,"Hotbox: ID"
"xxSAvSeEJWeYz0LQvoLV","Cooker Pasiparupu Pachadi",false,false,"Tiffen Sambar",11.4,244.6546,21.4609,"KG",0,107.3045,0,5,,"Hotbox: ID"
"KVUZ3YwTAF1dhN51PCeM","Cucumber Raita",false,false,"Raita",10,595.4,59.54,"KG",0,297.7,0.0169,5,,""
"p9zWMGaL7SEBMdzUU5fy","Cup",false,false,"Service Items",1,0,0,"NOS",0,0,0,5,,""
"FHkTOK1r1YKcZolVyW9D","Cutlet - Lobia Cutlet",false,false,"Cutlet",27,119.323,4.4194,"NOS",25,22.097,5.6569,5,,""
"An0yqkKt2okVp3lkasq2","Cutlet - Seppangizhangu Cutlet",false,false,"Cutlet",10,0,0,"NOS",0,0,0,5,,""
"521i45h9VXVZjJL7c0zR","Cutlet- Veg cutlet Coating",false,true,"Cutlet",100,70.73,0.7073,"NOS",0,3.5365,0,5,,""
"QGxj99O6RaCbgJ2HoIH3","Cutlet-Navadhanya Cutlet",false,false,"Cutlet",140,309.015,2.2072,"NOS",25,9.0192,11.0875,4,,"Non Insulated: Tray"
"AbJjkpAvFJJwAjmSVWTv","Cutlet-Noodles Cutlet",false,false,"Cutlet",120,517.1116,4.3093,"NOS",25,21.5465,5.8014,5,,"Non Insulated: Tray"
"Q7x84BKCInKZhBTMFo6s","Cutlet-Paneer ",false,false,"Cutlet",110,560.048,5.0913,"NOS",25,25.4565,4.9103,5,,"Non Insulated: Tray"
"RWv5b6OCGBmyFy1R5JIU","Cutlet-Sprouts cutlet",false,false,"Cutlet",100,446.618,4.4662,"NOS",25,22.331,5.5976,5,,""
"Skc1NpXeojWbNltOiyAm","Cutlet-Sweet Corn cutlet",false,false,"Cutlet",136,455.37,3.3483,"NOS",25,16.7415,7.4665,5,,""
"wFUaaCCrrDVrG9Xf4O1P","Cutlet-Veg Cutlet",false,false,"Cutlet",135,512.494,3.7963,"NOS",25,18.9815,6.5854,5,,"Non Insulated: Tray"
"ohfwOoQm1JZtDz6VoKwN","D.F -Chilli Parota",false,false,"Deep Fry",10,0,0,"NOS",30,0,0,5,,""
"pQBwLLarDde1fbdE1ZC4","DF - Beetroot Kola Urundai",false,false,"Deep Fry",28,142.897,5.1035,"NOS",10,25.5175,1.9594,5,,""
"2yC6DMggRXyfcPRdZEiZ","DF - Corn Pakora",false,false,"Starter",10,2497.4924,249.7492,"KG",1100,1138.746,4.4044,5,,"Hotbox: HB"
"9WF8dmH6BhicIMDDoAzH","DF - Kadalai Maavu Veg Bonda",false,false,"Deep Fry",100,472.7741,4.7277,"NOS",25,23.6385,5.288,5,,"Non Insulated: Tray"
"WkEHv3aLoFrHYXVjAzYW","DF - Kuruvai Arisi Paniyaram",false,false,"Deep Fry",100,287.708,2.8771,"NOS",15,11.5084,5.2136,4,,"Hotbox: HB"
"IPT09gDXyKg8BcQ4LlLv","DF - Kuzhi Paniyaram SW Coconut",false,false,"Sweet Piece",200,615.7125,3.0786,"NOS",6,15.3995,1.9489,5,,""
"z2WGvhwIx0KHlRnTdWNB","DF - Marakarikaai Dosai",false,false,"Piece Main Dish",12,31.3141,2.6095,"NOS",20,13.0475,7.6643,5,,""
"wnZh36TgiJkLfIwWQAet","DF - Masal Siyum Small",false,false,"Deep Fry",150,319.3287,2.1289,"NOS",12.5,10.6445,5.8716,5,,"Non Insulated: Tray"
"iswdqA7tUwbffKStfuQU","DF - Mysore Bonda (N)",false,false,"Deep Fry",21,66.1966,3.1522,"NOS",25,15.761,7.931,5,,""
"02P4NwPgsQU9fGrKkiVs","DF - Online Masal Siyum",false,false,"Deep Fry",150,319.3287,2.1289,"NOS",25,10.6445,11.7432,5,,"Non Insulated: Tray"
"A8RdNX1MXtrnL6NLfRFx","DF - Soya Kola (Uma)",false,false,"Deep Fry",35,56.908,1.6259,"NOS",12,8.1295,7.3805,5,,""
"cb58g0sgPNitPbJjIQuB","DF - Soya Kola Urundai",false,false,"Cutlet",10,12.684,1.2684,"NOS",6,6.342,4.7304,5,,""
"MzpZi0GN7TU2ZiEux4Fp","DF - Vazhaikaai Kola Urundai",false,false,"Deep Fry",28,134.897,4.8177,"NOS",10,24.0885,2.0757,5,,""
"GOX03zclTiqIbKBlHMEM","DF - Vellai Paniyaram",false,false,"Deep Fry",100,312.3782,3.1238,"NOS",25,15.619,8.0031,5,,"Hotbox: HB"
"pxdONqtpsE6saAdzyQsm","DF - Wheat Rava Paniyaram",false,false,"Deep Fry",30,49.539,1.6513,"NOS",6,8.2565,3.6335,5,,""
"vqp0a0V80lfN2U6MQ87Z","DF- Mysore Bonda",false,false,"Deep Fry",90,370.7099,4.119,"NOS",25,20.595,6.0694,5,,"Non Insulated: Tray"
"N82bIkPBS2OUfGvwRbuD","DF- Seepu Seedai",false,false,"Deep Fry",10,1930.8143,193.0814,"KG",0,965.407,0,5,,""
"RJgwEM512ax7Zmr9T4dk","DF- Seepu Seedai Mavu",false,true,"Deep Fry",15.5,1065,68.7097,"KG",0,343.5485,0,5,,""
"1OcGcU4nOBSatkROKH8P","DF-Baked Veg Vadai",false,false,"Deep Fry",187,187.924,1.0049,"NOS",4,5.0245,3.9805,5,,""
"Ef807du6jVyIuk0O4tiG","DF-Kuzhi Paniyaram",false,false,"Deep Fry",140,154.9965,1.1071,"NOS",6,5.539,5.4196,5,,"Hotbox: HB"
"bmP3CaKrDhxlAwAeGWJ0","DF-Kuzhi Paniyaram Veg Stuffed",false,false,"Piece Main Dish",250,380.57,1.5223,"NOS",6,7.6115,3.9414,5,,"Non Insulated: Tray"
"h6AjR1hxFWoeFmpNSoOU","DF-Milagai Bajji",false,false,"Deep Fry",100,311.6833,3.1168,"NOS",15,10.3072,5.8212,4,,""
"EVNLx5xiReipvKhyVzDd","DF-Onion Bajji",false,false,"Deep Fry",100,416.356,4.1636,"NOS",15,20.818,3.6027,5,,""
"WNl33g9oZ1iMYCx4DqNV","DF-Onion Bajji (global)",false,false,"Deep Fry",100,427.106,4.2711,"NOS",15,17.0844,3.512,4,,""
"cRrLm3leqsA6NvtA2A3o","DF-Potato Bajji",false,false,"Deep Fry",100,401.7583,4.0176,"NOS",15,16.0704,3.7336,4,,""
"xGRMkfjfYxgGbKT4heAO","DF-Potato Bonda(BM)",false,false,"Deep Fry",100,451.1523,4.5115,"NOS",25,18.046,5.5414,4,,""
"JxSNxCcYqGozpAHFdwMJ","DF-Potato bonda(Rice)",false,false,"Deep Fry",100,340.2876,3.4029,"NOS",25,13.6116,7.3467,4,,"Non Insulated: Tray"
"DWTlFBxKcTmEz9HmP4Ja","DF-Sweet Corn Bonda",false,false,"Deep Fry",120,351.603,2.93,"NOS",25,14.65,8.5324,5,,"Non Insulated: Tray"
"FJDjl87unmhu7WD8Jq5U","DF-Thool Bajji",false,false,"Deep Fry",100,674.195,6.7419,"NOS",0,33.7095,0,5,,""
"rcdXHtH2DrozWQnmJHZm","DF-Vazhakkai Bajji",false,false,"Deep Fry",100,324.8805,3.2488,"NOS",15,16.244,4.6171,5,,""
"CmAP3SzEjVkLsaNGSvcI","DF-Veg Pakora",false,false,"Deep Fry",0.35,56.955,162.7286,"KG",0,813.643,0,5,,""
"1ZFAbtK5Rrl7rZFJHx96","DF-Veg Spring Roll",false,false,"Deep Fry",100,466.061,4.6606,"NOS",20,23.303,4.2913,5,,""
"MRpSQiW7UvoDwgqFHJ2v","DF-Vegetable Vadai",false,false,"Deep Fry",100,344.076,3.4408,"NOS",15,13.7632,4.3595,4,,""
"ylh9pWB0dnxgYK0CF2Dl","DP- Baby corn, Mushroom Fry Mavu",false,true,"Maavu",10,433.9,43.39,"KG",0,173.56,0,4,,""
"CDVKRDxGiqOs7GFzRrNw","DP-Garlic Podi",false,true,"Powder",10,2052.54,205.254,"KG",0,1026.27,0,5,,""
"RW5F5swI0kYcLPdUQWZg","Dakshin DP - Sambar Podi I",false,true,"Powder",10,1493.83,149.383,"KG",1,597.532,0.0067,4,,""
"XwO9hzxUJtFsYA2XvMwi","Dakshin KK - Spicy Tamarind Kuzhambu",false,false,"Kara Kozhambu",10,313.5492,31.3549,"KG",200,156.7745,6.3786,5,,"Hotbox: ID"
"QBYTDDHTMi6vuob1YZFE","Dakshin KK - Spicy Tamarind Kuzhambu Sesoning",false,true,"Kara Kozhambu",10,107.52,10.752,"KG",1,43.008,0.093,4,,""
"gW8bUihT4sZPu89XRy0R","Dal - :Lausini Dal",false,false,"Dal",10,607.944,60.7944,"KG",150,243.1776,2.4673,4,,"Hotbox: ID"
"xfXmWfuMTfCdXs1J2z1w","Dal - Arhar Dal",false,false,"Dal",135,6793.55,50.3226,"KG",1,251.613,0.0199,5,,""
"T6QNTaX8lHTPlFdW0x6L","Dal - Channa Masala Dal",false,false,"Dal",1,47.614,47.614,"KG",500,238.07,10.5011,5,,""
"AzcGkq0LDv7djxXTChB9","Dal - Chef Spl. Dal",false,false,"Dal",10,639.1086,63.9109,"KG",200,319.5545,3.1294,5,,"Hotbox: ID"
"PQQHIAsNx6wezetiRSTN","Dal - Chef Spl. Kaali Dal",false,false,"Dal",10,455.5834,45.5583,"KG",200,182.2332,4.39,4,,"Hotbox: ID"
"XacGFPmx0ukiPOcjTK93","Dal - Chow Chow",false,false,"Dal",8,718.6,89.825,"KG",0,449.125,0,5,,""
"47IDmdWmGsldFvuL0iBw","Dal - Dhabawali Dal",false,false,"Dal",11.4,513.328,45.0288,"KG",150,207.6,3.3312,5,,"Hotbox: ID"
"Ik4qBBbwHFYzx21v34EJ","Dal - Lauki",false,false,"Dal",0.65,19.982,30.7415,"KG",0,153.7075,0,5,,""
"s9bTtNMErewNi4wkKFLs","Dal - Panchamela Dal",false,false,"Dal",10,328.333,32.8333,"KG",150,131.3332,4.5685,4,,"Hotbox: ID"
"JvdQfrAv3UzpRPj5QWtN","Dal - Panchphoran Dal",false,false,"Dal",10,314.801,31.4801,"KG",150,110.6204,5.424,4,,"Hotbox: ID"
"HifFUT60NjMlX87cIICR","Dal - Rajasthani Dal",false,false,"Dal",10,332.056,33.2056,"KG",150,134.8224,4.5173,4,,"Hotbox: ID"
"Ig3AA0ZBgJ935lYSOz3M","Dal -Peeli Moong Dal",false,false,"Dal",10,359.636,35.9636,"KG",150,143.8544,4.1709,4,,"Hotbox: ID"
"rcIiqZUfXCHb5JOr01PM","Dal- Dl Makhani",false,false,"Dal",10,516.8831,51.6883,"KG",200,258.4415,3.8693,5,,"Hotbox: ID"
"jm8s2ZQDXre8Nhq1pOkI","Dal- Pasi Payaru Dal",false,false,"Dal",10,395.0883,39.5088,"KG",150,158.0352,3.7966,4,,"Hotbox: ID"
"H9OwYWim6Hmtb70gOSp2","Dal-Dal Palak",false,false,"Dal",10,347.548,34.7548,"KG",200,126.2192,5.7546,4,,"Hotbox: ID"
"OEW3DxCdpZlpOgjGDEMb","Dal-Dal Tadka",false,false,"Dal",10,288.1444,28.8144,"KG",150,144.072,5.2057,5,,"Hotbox: ID"
"VFJnjXw7hNFVyc1cV5Wk","Dal-Drumstick Leaf Dal",false,false,"Dal",10,515.975,51.5975,"KG",150,206.39,2.9071,4,,"Hotbox: ID"
"eGyUW1luVvWqemzo1Dyv","Dal-Green Gram Dal",false,false,"Dal",10,421.142,42.1142,"KG",150,148.1176,3.5617,4,,"Hotbox: ID"
"sq3W3pPPJxCQ3EU5QFD9","Dal-Lahsooni Dal",false,false,"Dal",16,1001.665,62.6041,"KG",0,313.0205,0,5,,""
"4TJj2TQ3NphpCSsbQbqE","Dal-Lauki Chana Dal",false,false,"Subji",10,420.686,42.0686,"KG",1000,178.093,23.7707,5,,""
"LOv7MPilqT5D6vaN5RoW","Dal-Mango Dal",false,false,"Dal",10,610.15,61.015,"KG",150,244.06,2.4584,4,,"Hotbox: ID"
"whTs0UYF5fnsTMhxC7nx","Dal-Mooli Moong Dal",false,false,"Dal",10,446.2056,44.6206,"KG",150,223.103,3.3617,5,,"Hotbox: ID"
"qSvHTjq5IYEjqJmWzBoL","Dal-Pumpkin Dal",false,false,"Dal",10,378.963,37.8963,"KG",150,151.5852,3.9582,4,,"Hotbox: ID"
"S2F0Vr5UWKNR4hjpeLJ3","Dal-Pumpkin Dal thalippu",false,true,"Dal",10,99.838,9.9838,"KG",0,39.9352,0,4,,""
"37FMOxSr0N4pVeWOhXuC","Dal-Tomato Pappu",false,false,"Dal",10,448.5521,44.8552,"KG",150,234.276,3.2014,5,,"Hotbox: ID"
"EUc2Gr41F2a3Vw6ifpqD","Dal-Trivethi Dal",false,false,"Dal",10,383.5024,38.3502,"KG",150,191.751,3.9113,5,,"Hotbox: ID"
"JoBU5xpHs15GSAHLouRW","Dal-Whole Masur Dal",false,false,"Dal",10,320.5906,32.0591,"KG",150,128.2364,4.6789,4,,"Hotbox: ID"
"2V98lqSVTieWs8ATpmo5","Df-Vegetable Bonda",false,false,"Deep Fry",90,398.5444,4.4283,"NOS",25,22.1415,5.6455,5,,"Non Insulated: Tray"
"jkAHYFXoNTDiNGMkRSIM","Don't Use -Order Chapathy",false,false,"Piece Main Dish",90,176.045,1.9561,"NOS",20,8.8805,10.2244,5,,"Hotbox: HB"
"bWe3RZ2qCbbq7C9FHLQD","Dosa - Chinna Cholam Dosai",false,false,"Dosa",100,298.8671,2.9887,"NOS",20,14.9435,6.6919,5,,""
"YNaW2ZMcoZ3hF7V04rcu","Dosa - Cucumber Dosa",false,false,"Dosa",12,48.872,4.0727,"NOS",25,20.3635,6.1384,5,,""
"NGonJ7M1qH7Z62lPhS5R","Dosa - Kattuyanam",false,false,"Dosa",100,356.446,3.5645,"NOS",15,17.8225,4.2082,5,,""
"ikL2U79aSnLia1M07s8T","Dosa - Keppai Dosa",false,false,"Dosa",100,236.6703,2.3667,"NOS",0,11.8335,0,5,,""
"3fKlhSAG4hl9i18iKTqX","Dosa - Mudakathan",false,false,"Dosa",100,306.1927,3.0619,"NOS",0,15.3145,0,5,,""
"TTz2gUcnvLQxOwYc5iSK","Dosa - Mushroom Masal Dosa",false,false,"Dosa",100,536.1816,5.3618,"NOS",43,26.809,8.0197,5,,""
"zTv4TvrtyWZOlRw48Cb9","Dosa - Rava Dosa",false,false,"Dosa",16,107.8545,6.7409,"NOS",50,34.05,7.3421,5,,""
"NYTg06PcS4t1AiawZfy9","Dosa - Sweet Corn Masal Dosai",false,false,"Dosa",100,335.3891,3.3539,"NOS",35,16.7695,10.4356,5,,""
"3oqsXa4ImZuSy0Ucd7WN","Dosa - Varagu Sweet Corn Masal Dosa",false,false,"Dosa",85,366.0363,4.3063,"NOS",20,21.5315,4.6444,5,,""
"mImWjxUEn8Ayfgv6Ci3N","Dosa - Vegetable Masala Dosa",false,false,"Dosa",120,428.2631,3.5689,"NOS",20,17.8445,5.604,5,,"Non Insulated: Tray"
"U432Iio3aKaTEtd3v5Kt","Dosa- Moong Dal Dosa",false,false,"Piece Main Dish",100,248.642,2.4864,"NOS",15,9.9456,6.0328,4,,""
"G90YXOGrA97A9a6sNnCZ","Dosa- Multigrain Dosa",false,false,"Dosa",100,157.37,1.5737,"NOS",15,6.2948,9.5317,4,,"Non Insulated: Tray"
"Aw79GyVafx85ifTdcbkI","Dosa- Traditional Rice Dosa",false,false,"Dosa",100,327.855,3.2786,"NOS",15,16.393,4.5751,5,,""
"cmAoZnkcAMqazayTPiN3","Dosa- Vendhaya Dosa",false,false,"Dosa",100,204.8276,2.0483,"NOS",0,10.2415,0,5,,""
"KesP1eVKZCFBhOLuG7xk","Dosa-Chola Dosa",false,false,"Dosa",100,177.995,1.78,"NOS",15,8.9,8.427,5,,""
"9ZKOjz5xljJcVvmWhUHW","Dosa-Javvarisi Dosa",false,false,"Dosa",100,153.704,1.537,"NOS",15,7.685,9.7593,5,,""
"y7bcA69Ln4aespSLrsa5","Dosa-Kal Dosa",false,false,"Dosa",100,250.1758,2.5018,"NOS",20,12.509,7.9942,5,,"Hotbox: HB"
"Pruo0kWFSzWB7vWdiU2l","Dosa-Kambu Dosa",false,false,"Dosa",100,196.621,1.9662,"NOS",15,9.831,7.6289,5,,""
"TdXpwjHZIAvHsvUheBqE","Dosa-Kambu Masal Dosa",false,false,"Dosa",100,370.7171,3.7072,"NOS",15,18.536,4.0462,5,,""
"dMS78aOyK3jFH3HvVFW4","Dosa-Mini Uthappam",false,false,"Dosa",100,132.2217,1.3222,"NOS",1,6.611,0.7563,5,,""
"hbhJtWc4KLpKVshkIG88","Dosa-Mysore Masal Dosa Chutney",false,true,"Dosa",1.07,46.166,43.1458,"KG",0,203.2372,0,4,,""
"WxaipRdFQdFzBiymMYVL","Dosa-Mysore Masal Dosa Masala",false,true,"Dosa",2.35,189.983,80.8438,"KG",0,323.3752,0,4,,""
"47ZobKlh7AUfOpbioD7G","Dosa-Mysore Masala Dosa",false,false,"Dosa",100,381.709,3.8171,"NOS",25,19.0855,6.5495,5,,""
"StvNSlo49FedzPxF4VyT","Dosa-Pesarattu Dosa",false,false,"Dosa",100,226.837,2.2684,"NOS",15,7.7256,6.6126,4,,""
"Mly5VfULAssunlNdVT0T","Dosa-Samai Dosa",false,false,"Dosa",100,305.3675,3.0537,"NOS",15,15.2685,4.9121,5,,""
"L7vZf2rDg6dtIKWdD85e","Dosa-Sponge Dosa",false,false,"Dosa",100,377.3102,3.7731,"NOS",0,18.8655,0,5,,""
"Nf7lHM78Y93rdVupeW4f","Dosa-Wheat Dosa",false,false,"Dosa",100,229.2397,2.2924,"NOS",15,6.288,9.542,4,,""
"xUBhEsXnFVmyCjSPG27P","Dosai Maavu",false,false,"Maavu",1,0,0,"KG",50,0,0,5,,""
"hyudxVLtYEHAUvrTJqjM","Dry Manchurian - Sauce",false,true,"Starter",100,170.1014,1.701,"NOS",0,6.804,345.0656,4,,"Hotbox: HB"
"XpIgZH0dEcWdkVr65PT0","Dry Manchurian - Veg",false,false,"Starter",100,544.633,5.4463,"NOS",15,20.5756,2.9161,4,,""
"Jr3NjWAxCAE9evfYpdjJ","Dry Subji - Aloo, Bindi Sukka",false,false,"Subji",2.6,219.338,84.3608,"KG",300,397.1885,3.5562,5,,""
"rSnTCkReJ57U5ooVZHBr","Elaneer Halwa",false,false,"Sweet Bulk",1,0,0,"KG",1000,0,0,5,,""
"HvLyNDSEwlttuFO5vBCH","Filter Coffee Decoction",false,true,"Hot Beverage",4.75,507.26,106.7916,"LT",0,533.958,0,5,,""
"KkSWsskJlCCdbVYAbZPt","Flask",false,false,"HOS",1,0,0,"NOS",0,0,0,5,,""
"F4eML1HcJqXVZS6GxQWU","Fruit - HF",false,false,"Service Items",100,0,0,"NOS",10,0,0,5,,""
"yB9kuXPyeXd12KMdilfg","Fruit- Yelakki Banana",false,false,"Service Items",100,500,5,"NOS",6,25,1.2,5,,""
"SVLCb0mC1caYdvnaavKX","Fruit-Banana",false,false,"Service Items",100,0,0,"NOS",10,0,0,5,,""
"PaJqINmabDTsb4dhmOYV","G Dal-Channa Dal",false,false,"Dal",10,356.67,35.667,"KG",150,142.668,4.2056,4,,""
"xCgumjXZYZ05LkK35RSq","G Dal-Konkani Dal",false,false,"Dal",10,461.54,46.154,"KG",150,184.616,3.25,4,,""
"vf1O3OWqhiOLQjiK7cqu","GRB-Veg Briyani Basmathi",false,false,"Variety Rice",11.5,697.6745,60.6674,"KG",400,303.337,6.5933,5,,"Hotbox: HB"
"4KpLKcjA8NNiQ0zwAbH6","Garbage Cover",false,false,"Service Items",1,0,0,"NOS",20,0,0,5,,""
"mxbJ8J5b5pwKVvEVMG2a","Garlic Podi Idiyappam",false,false,"Bulk Main Dish",18.2,1305.5478,71.7334,"KG",350,358.667,4.8792,5,,""
"0GGaBo29DiN8f7Cm93BU","Gravy Manchurian - Sauce",false,true,"Starter",100,122.698,1.227,"NOS",501,6.135,408.313,5,,"Hotbox: HB"
"Ttcoi3gcCZG6sgJpKnhY","Gravy Manchurian - Veg",false,false,"Starter",100,292.56,2.9256,"NOS",15,14.628,5.1272,5,,"Hotbox: HB"
"Cmxt37fSOF3Tcq0Yyt8Q","Gutti Vankaya Curry",false,false,"Mandi",3,145.0898,48.3633,"KG",1,241.8165,0.0207,5,,""
"qb7JGli5cAfmwFyGMOTq","Gutti Vankaya Curry Grinding",false,true,"Mandi",3,66.004,22.0013,"KG",0,110.0065,0,5,,""
"49VoT093ZvIWZcsXNXBn","Gutti Vankaya Curry Tempering",false,true,"Mandi",3,28.96,9.6533,"KG",0,48.2665,0,5,,""
"hUZxzi5c18CVuAMOEPJR","HB - Badham Milk",false,false,"Hot Beverage",10,717.5,71.75,"KG",500,358.75,6.9686,5,,"Hotbox: TC"
"tGHXMdZFBxxFOQEa5Ftv","HB - Karkandu",false,false,"Hot Beverage",10,448.908,44.8908,"KG",300,179.5632,6.6829,4,,""
"J8SV5rcvRsRH13O0pwCy","HB - Masala Paal",false,false,"Hot Beverage",10,664.416,66.4416,"KG",450,332.208,6.7729,5,,"Hotbox: TC"
"TYwan7YoIqoGCiGJFuin","HB - Masala Paal Podi",false,true,"Hot Beverage",0.162,117.196,723.4321,"KG",0.01,2893.7284,0,4,,""
"ZGcUVzhPt5HeYwiRy23L","HB - Milk",false,false,"Hot Beverage",10,382.815,38.2815,"KG",250,153.126,6.5306,4,,"Hotbox: TC"
"7p4UvlWTOKRFmTJSDtav","HB - Panakarkandu Milk",false,false,"Hot Beverage",10,828,82.8,"KG",300,414,3.6232,5,,"Hotbox: TC"
"9LwLiGLL2c2i78Ku83Ml","HB-Decoction",false,true,"Hot Beverage",3.12,164,52.5641,"KG",0,262.8205,0,5,,""
"coEaUujifIQMKdK8I7sZ","HB-Sukku Paal",false,false,"Hot Beverage",1,104.23,104.23,"KG",300,461.15,2.8783,5,,""
"Bi2Lg88XvfIoClAEEU5s","HOS - Barley Water",false,false,"HOS",1,7.1,7.1,"KG",50,65.5,7.0423,5,,""
"k0oiD0re5zIwDAXe3fpW","HOS - Boiled Vegetables",false,false,"HOS",1,65.5,65.5,"KG",180,327.5,2.7481,5,,""
"MCJkPC42cL4tsV6XICqs","HOS - Dhal Water",false,false,"HOS",1,25.65,25.65,"LT",0,128.25,0,5,,""
"Jifzursa2d319CfowlEH","HOS - Oats",false,false,"HOS",1,26.1,26.1,"LT",0,130.5,0,5,,""
"z90ZDKoC8CqAoYcqU6Aj","HOS - Paneer Bhurji",false,false,"Subji",2.5,483.58,193.432,"KG",750,967.16,3.8773,5,,""
"MY2XQaTWFfOlFNZJ0vw7","HOS - Thin Curd Rice",false,false,"Bulk Main Dish",212,3113.0714,14.6843,"KG",150,70.9025,10.215,5,,"Hotbox: HB"
"Y2HmN7mYx4at5pIdsR73","HOS - Thin Dhal Rice",false,false,"HOS",1,17.485,17.485,"KG",0,87.425,0,5,,""
"N94Cel4xmujpWEeu8GLL","HOS - Thin Rasam Rice",false,false,"Variety Rice",200,3289.5997,16.448,"KG",100,65.792,6.0798,4,,"Hotbox: HB"
"5fXhfjE0qRU51SnF3vFt","HOS -TUBE KANJI",false,false,"HOS",10,4,0.4,"NOS",10,2,25,5,,""
"n6luDxfcHI79P3FmNSWp","HOS Soup - Clear Veg. Soup",false,false,"HOS",1,19,19,"LT",0,86.5,0,5,,""
"zq2Vv0d3gPxnJM5gmIdk","HOSPITAL PARCEL",false,false,"HOS",1,0,0,"NOS",0,0,0,5,,""
"KKytdyvktpRUdW2BS6Xi","HOT WATER",false,false,"Hot Beverage",1,0,0,"LT",0,0,0,5,,""
"wZG25Uu9XEwey0WkwDKP","Halwa - Badham Halwa",false,false,"Sweet Bulk",10,5028,502.8,"KG",2500,2514,4.9722,5,,"Hotbox: TC"
"FZMtwU6TABuQOKdxSPcp","Halwa - Beetroot",false,false,"Sweet Bulk",10,1488.38,148.838,"KG",900,598.552,6.0145,4,,"Non Insulated: Thooku"
"qvwBmupF1NuClp57QL3C","Halwa - Beetroot Dhumroot",false,false,"Sweet Bulk",10,1101.362,110.1362,"KG",700,441.8248,6.3374,4,,"Non Insulated: Thooku"
"aeWlVvtRakQnMy7QSMpl","Halwa - Bread",false,false,"Kara Poriyal Fry",10,1413.23,141.323,"KG",500,566.684,3.538,4,,"Non Insulated: Thooku"
"XxEcbIfkmqjy8PnCBp4a","Halwa - Carrot",false,false,"Sweet Bulk",12,2567.8,213.9833,"KG",800,1069.9165,3.7386,5,,"Hotbox: HB"
"amSmeLhf0JFlq3tM9IVC","Halwa - Carrot (prepared)",false,false,"Sweet Bulk",1,0,0,"KG",1050,0,0,5,,""
"q8INzbwA6FhCCRCcC0PH","Halwa - Parangikaai Plain Halwa",false,false,"Sweet Bulk",10,1601.14,160.114,"KG",500,800.57,3.1228,5,,"Non Insulated: Thooku"
"9HlCAJf6wNnd61W5Pjan","Halwa - Poosani",false,false,"Sweet Bulk",5.5,1548.275,281.5045,"KG",1000,1407.5225,3.5523,5,,"Non Insulated: Thooku"
"lDfgSpzLY08bVyZ6nomk","Halwa - Red Pumpkin Dhumroot Halwa",false,false,"Sweet Bulk",10,1383.015,138.3015,"KG",700,554.326,5.0614,4,,"Non Insulated: Thooku"
"oI6v64yrmLQD8mEatuLe","Halwa - Wheat",false,false,"Sweet Bulk",10,1622.609,162.2609,"KG",700,652.4196,4.2917,4,,"Non Insulated: Tray"
"bKzdDVnLFnDDvj5wC5rg","Halwa- Carrot Dhumroot Halwa",false,false,"Sweet Bulk",10,1462.182,146.2182,"KG",605,731.091,4.1377,5,,"Hotbox: TC"
"uAkTw3dhX9UpZTUR5Jwk","Halwa- Karuppatti Halwa",false,false,"Sweet Piece",2,510.2643,255.1322,"KG",0,1275.661,0,5,,""
"CxgQuCeYzd8ry4sPa1O5","Halwa- Poosani(Kasi) Halwa",false,false,"Sweet Bulk",10,2155.584,215.5584,"KG",900,1081.792,4.1752,5,,""
"BDef4gFQDE08V2P92IYd","Halwa-Kasi Halwa (Dhumroot)",false,false,"Sweet Bulk",10,1742.467,174.2467,"KG",900,873.9335,5.1651,5,,""
"2Jx4ImsZBm0fTeaNGjM0","Hatsun Curd",false,false,"HOS",1,7,7,"NOS",7,35,1,5,,""
"QVWY37dNUKzjgjAjVwxq","Hospital Rasam Rice",false,false,"HOS",3,0.672,0.224,"NOS",0.01,1.11,0.0446,5,,""
"nS2kR85jTV51K2Krrr1j","Hotel Sambar",false,false,"Sambar",10,365.1287,36.5129,"KG",0.01,182.5645,0.0003,5,,""
"nCOwmACmRE28RpBVE4SM","Hotel Sambar Podi",false,true,"Sambar",16,38.181,2.3863,"KG",0.001,11.9315,0.0004,5,,""
"jjSvM6cRgVSwHrK6ByYK","IIaneer Payasam",false,false,"Sweet Payasam",1.5,197.1534,131.4356,"LT",650,657.178,4.9454,5,,""
"QQjkVrVELQocqc2Dc0u0","IK - Ilan Kuzhambu",false,true,"Ilan Kuzhambu",10,237.376,23.7376,"KG",100,94.9504,4.2127,4,,"Hotbox: ID"
"QIImuw9GpEUtvN753OZ6","IK - Ilan Kuzhambu Avaraikaai",false,false,"Ilan Kuzhambu",10,297.376,29.7376,"KG",100,118.9504,3.3627,4,,"Hotbox: ID"
"uOjoTtOXHIDQQPoi3qwp","IK - Ilan Kuzhambu Beans",false,false,"Ilan Kuzhambu",10,327.376,32.7376,"KG",100,130.9504,3.0546,4,,"Hotbox: ID"
"G1cJMvwwu1FKRgOE2Xpt","IK - Ilan Kuzhambu Malli",false,false,"Ilan Kuzhambu",10,273.376,27.3376,"KG",100,109.3504,3.658,4,,"Hotbox: ID"
"1PpXlyX2zgwBIdrLAUCn","IK - Ilan Kuzhambu Vendikkaai",false,false,"Ilan Kuzhambu",10,277.376,27.7376,"KG",100,138.688,3.6052,5,,"Hotbox: ID"
"PspavHmMBhMTXNaIz2g9","Idly- Kattu Yanam",false,false,"Piece Main Dish",100,170.4689,1.7047,"NOS",16,8.5235,9.3858,5,,""
"3rTyL7MaD5UITlULozjb","Iyer Rasam Thalippu",false,true,"Rasam",10,71.194,7.1194,"KG",0,35.597,0,5,,""
"GeQ64IxePdGl10gLjkxO","Juice - Nannar Sarbath",false,false,"Juice",2.8,97.5,34.8214,"LT",100,174.107,2.8718,5,,""
"NSiDhiRR4F9iFQ70BANL","Juice - Panakkam",false,false,"Juice",1,23.941,23.941,"LT",100,119.705,4.1769,5,,""
"r7VqKV7EujJiD3nTK5F6","Juice - Welcome Drink",false,false,"Juice",100,1614.2,16.142,"LT",100,64.568,6.195,4,,"Hotbox: HB"
"iS8jmLlCxpsg9q4GhOKx","Juice- tang Mango",false,false,"Juice",22,722.8,32.8545,"LT",100,164.2725,3.0437,5,,""
"BjJjKDWzPAxEh8PuYJ5n","KESARI",false,false,"Sweet Bulk",1,10.5,10.5,"KG",100,52.5,9.5238,5,,""
"KPvk6guCxIdRZQEnm4AB","KK - Araithu Vitta Kathirikaai Kuzhambu",false,false,"Kara Kozhambu",1.5,57.8806,38.5871,"KG",0,192.9355,0,5,,""
"7jiiHYsKatuTThIK1kcE","KK - Araithu Vitta Kathirikaai Kuzhambu Aravai",false,true,"Kara Kozhambu",1.5,33.262,22.1747,"KG",0,110.8735,0,5,,""
"fNuVV9I00d3iaPHMwcGs","KK - Bittergourd, Dates, Greenchilly Kuzhambu",false,false,"Kara Kozhambu",1.25,76.3852,61.1082,"KG",400,305.541,6.5458,5,,""
"qwjllirz3Oau1c86FrRK","KK - Brinjal Ketti Kuzhambu Aravai",false,true,"Kara Kozhambu",10,171.759,17.1759,"KG",0.01,85.8795,0.0006,5,,""
"oxu8iTLvmiMvsHzJIVhN","KK - Brinjal, Drumstick Puli Kuzhambu Aravai",false,true,"Kara Kozhambu",10,38.35,3.835,"KG",0.01,11.5,0.0026,4,,""
"jIoBiLb4cFkl0e1zYXEx","KK - Brinjal, Vazhaikaai Puli Kuzhambu Aravai",false,true,"Kara Kozhambu",10,103.38,10.338,"KG",0.01,41.352,0.001,4,,""
"jIlZvo9BS2oop3QrHyHq","KK - Chow Chow Payaru Kuzhambu",false,false,"Kara Kozhambu",5,275.0414,55.0083,"KG",500,278.3745,9.0895,5,,""
"4r98GvVyPH3x1IgOroya","KK - Coconut Milk Vathal Kuzhambu",false,false,"Kara Kozhambu",20,878.0018,43.9001,"KG",350,219.5,7.9726,5,,""
"SEB09zKkkbZZoHJIOSaq","KK - Date, Greenchilly Kuzhambu",false,false,"Kara Kozhambu",1,71.3852,71.3852,"KG",400,356.926,5.6034,5,,""
"WhSjSp1BAgNIFegaT4Co","KK - Date, Greenchilly Kuzhambu Aravai",false,true,"Kara Kozhambu",1,51.4306,51.4306,"KG",0,257.153,0,5,,""
"LAXDeWjlPAFnrtZ0ufrk","KK - Iru Puli Kuzhambu Aravai",false,true,"Kara Kozhambu",1.2,13.706,11.4217,"KG",0,57.1085,0,5,,""
"doWGdDHFqxtudDOhm0Hb","KK - Irupuli Kuzhambu",false,false,"Kara Kozhambu",1,49.3909,49.3909,"KG",300,246.9545,6.074,5,,""
"Gb1lmVLR2gIef9ryyM9P","KK - Iyer Kuzambu Sunda Vathal",false,false,"Kara Kozhambu",10,471.2688,47.1269,"KG",250,252.301,5.3048,5,,"Hotbox: ID"
"eO7jUxRtevPS6nA2bhQv","KK - Iyer Kuzhambu Aravai",false,true,"Kara Kozhambu",10,285.348,28.5348,"KG",0.01,114.1392,0.0004,4,,""
"iDUQafy9wRU3W28SvjpN","KK - Iyer Kuzhambu Manathakkali",false,false,"Kara Kozhambu",10,487.8661,48.7866,"KG",350,208.3464,7.1741,4,,"Hotbox: ID"
"fIl6Kx7mZhZ1Z5zsi7Lv","KK - KOLLU KUZHAMBU ARAVAI",false,true,"Kara Kozhambu",26,323.3,12.4346,"KG",0,62.173,0,5,,""
"ozBDrvbU4WsUX3GRO5n5","KK - Karunai Kuzhambu",false,false,"Kara Kozhambu",9.5,518.546,54.5838,"KG",350,272.919,6.4122,5,,"Hotbox: ID"
"ovxphTQbsAMvfoXTCSLj","KK - Karuppu Konda Kadalai Kuzhambu",false,false,"Kara Kozhambu",10,520.4551,52.0455,"KG",350,260.2275,6.7249,5,,"Hotbox: ID"
"W6QwUEpNMp6UyxKxDh4w","KK - Karuppu Konda Kadalai Kuzhambu Aravai",false,true,"Kara Kozhambu",10,242.205,24.2205,"KG",0.01,121.1025,0.0004,5,,""
"XhGLOxBovFRuzQnDAufO","KK - Kollu Kuzhambu",false,false,"Kara Kozhambu",26,373.4786,14.3646,"KG",0,57.2845,0,5,,""
"mYClk5jtmrTnnjnzm5Lg","KK - Lady'sfinger Theeyal Aravai",false,true,"Kara Kozhambu",10,443.214,44.3214,"KG",0.01,177.2856,0.0002,4,,"Hotbox: ID"
"a0UPCTzJ0QkfPz6VxSja","KK - Mealmaker Ketti Kuzhambu",false,false,"Kara Kozhambu",10,555.3051,55.5305,"KG",250,292.6525,4.502,5,,"Hotbox: ID"
"LNQ2VXINw6NNhcefdNVJ","KK - Milagu Kuzhambu",false,false,"Kara Kozhambu",13.2,1176.466,89.1262,"KG",600,445.631,6.732,5,,"Hotbox: ID"
"n0z2sZ9cVAUAn7Xxpoll","KK - Mocchai Kuzhambu",false,false,"Kara Kozhambu",10,405.6901,40.569,"KG",350,209.095,8.6273,5,,"Hotbox: ID"
"5JXwxXIImwX4qZTJ6tx7","KK - Nilakadalai Vathakuzhambu",false,false,"Kara Kozhambu",2.25,135.778,60.3458,"KG",0,301.729,0,5,,""
"Qqmvhds5ATiF1y2xDfJ1","KK - Omam Kuzhambu",false,false,"Kara Kozhambu",7.2,356.246,49.4786,"KG",350,247.393,7.0738,5,,"Non Insulated: Thooku"
"5lqUJt02L9CvK42jA7Wy","KK - Pakkoda Ketti Kuzhambu",false,false,"Kara Kozhambu",10,668.9891,66.8989,"KG",450,334.4945,6.7266,5,,"Hotbox: ID"
"EfANHfA2gNEcVUQG5MPJ","KK - Pakkoda Ketti Kuzhambu Aravai",false,true,"Kara Kozhambu",10,219.065,21.9065,"KG",0.01,109.5325,0.0005,5,,""
"hxcAE6Nl7JQldZ5qkZ0Q","KK - Paruppu Urundai",false,true,"Kara Kozhambu",120,193.018,1.6085,"NOS",0.01,8.0425,0.0062,5,,""
"tqmlGxChHHVCdQ9qMLu4","KK - Paruppu Urundai Kuzhambu",false,false,"Kara Kozhambu",11,633.8526,57.623,"KG",450,288.115,7.8094,5,,"Hotbox: HB"
"YpielRsxyLxGCzGyCTwV","KK - Paruppu Urundai Kuzhambu Aravai",false,true,"Kara Kozhambu",10,197.667,19.7667,"KG",0.01,79.0668,0.0005,4,,""
"TtilJl32ZhwYpL0JQsag","KK - Pasipayaru Kuzhambu",false,false,"Kara Kozhambu",7.5,263.3366,35.1115,"KG",300,175.5575,8.5442,5,,"Hotbox: ID"
"tEcsHpQz1tpS3ziA8ExS","KK - Pattani Kuzhambu",false,false,"Kara Kozhambu",10,477.7053,47.7705,"KG",350,238.8525,7.3267,5,,"Hotbox: ID"
"E0Uw1Whtr6Nlktgugt3Q","KK - Puli Kuzhambu",false,false,"Kara Kozhambu",10,462.7993,46.2799,"KG",350,231.3995,7.5627,5,,"Hotbox: ID"
"CHgRM3v1orgtu5aGcicO","KK - Saiva Mein Kuzhambu",false,false,"Kara Kozhambu",10,738.503,73.8503,"KG",500,369.2515,6.7705,5,,"Hotbox: ID"
"NfS4F8QAJWCGxiHdXyMI","KK - Sukku Milagu Kuzhambu Thaalippu",false,true,"Kara Kozhambu",10,59.41,5.942,"KG",0.01,23.768,0.0017,4,,""
"ifYTimzB9B3Ucs1U0xat","KK - Sukku, Milagu Kuzhambu",false,false,"Kara Kozhambu",8.8,558.9384,63.5157,"KG",450,321.556,7.0849,5,,"Hotbox: ID"
"GtzLrbi500YIktyw4oU4","KK - Sukku, Milagu Kuzhambu Aravai",false,true,"Kara Kozhambu",10,170,17,"KG",0.01,85,0.0006,5,,""
"PqQ80ZQUHeGDpQCo7T4f","KK - Thattapayaru Kuzambu",false,false,"Kara Kozhambu",8,283.0561,35.382,"KG",250,176.91,7.0657,5,,"Hotbox: ID"
"VX5obTjqTk5dQ7SupLtW","KK - Tomato Ketti Kuzhambu Aravai",false,true,"Kara Kozhambu",10,198.903,19.8903,"KG",0.01,99.8515,0.0005,5,,""
"b3dQGvsgMMdAfE2yenEz","KK - Vendhaya Kuzhambu",false,false,"Kara Kozhambu",10,396.8521,39.6852,"KG",300,198.426,7.5595,5,,"Hotbox: ID"
"q3gtMEHQIrX8lF6kHyhG","KK - Vendhaya Kuzhambu Aravai",false,true,"Kara Kozhambu",10,220.965,22.0965,"KG",0.01,110.4825,0.0005,5,,""
"HEpYeqMRURzi6RWC1jou","KK - Vendhaya Kuzhambu Podi",false,true,"Kara Kozhambu",10,9.185,0.9185,"KG",0.01,3.674,0.0109,4,,""
"KEz9WAOzvyn5rxDALZPI","KK - Vendi Vatha Kuzhambu",false,false,"Kara Kozhambu",9,480.134,53.3482,"KG",350,266.741,6.5607,5,,"Hotbox: ID"
"d7gfqmFlnp5WK5Ye62Tm","KK - Viral Mein Kuzhambu Aravai",false,true,"Kara Kozhambu",10,184.567,18.4567,"KG",0.01,93.0835,0.0005,5,,""
"1jjeMjrwtNUM4cNtWhsT","KK - Viralmein Kuzhambu Mein",false,true,"Kara Kozhambu",75,97.419,1.2989,"NOS",0.01,6.4945,0.0077,5,,""
"3VADr3m78Ba9ATh6myMn","KK- Ennai Brinjal Kuzhambu Aravai",false,true,"Kara Kozhambu",2,57.811,28.9055,"KG",0,146.1525,0,5,,""
"Atr45xjtDi3FMq1Y9NkQ","KK- Ennai Brinjal Kuzhambu thalippu",false,true,"Kara Kozhambu",6,44.18,7.3633,"KG",0,36.8165,0,5,,""
"Fb54SztQJyKNjO7bqD0D","KK- Ennai Katharikkai Kuzhambu",false,false,"Kara Kozhambu",6,400.832,66.8053,"KG",450,334.0265,6.736,5,,""
"hsy4pldmst1bdybpnH6w","KK- Thakkali Ketti Kuzhambu",false,false,"Kara Kozhambu",10,573.2311,57.3231,"KG",350,286.6155,6.1057,5,,"Hotbox: ID"
"5JRSDQVeLyf8C64DyAVN","KK- Vengayam,Poondu Kuzhambu",false,false,"Kara Kozhambu",10,709.1351,70.9135,"KG",500,354.5675,7.0508,5,,"Hotbox: ID"
"m9ag6rqMCqnRpd5G4xkP","KK-Company Paruppu Urundai Kuzhambu",false,false,"Kara Kozhambu",10,590.8186,59.0819,"KG",350,236.3276,5.924,4,,"Hotbox: HB"
"0BeKjsOVdOIf6fNVmPAe","KK-Karuveppilai Kuzhambu",false,false,"Kara Kozhambu",11.5,582.386,50.6423,"KG",350,253.2115,6.9112,5,,""
"4bVHiaO0GBmkWIJKnrc3","KK-Karuveppilai Kuzhambu Aravai",false,true,"Kara Kozhambu",10,291.086,29.1086,"KG",0,145.543,0,5,,""
"DdU2zfu0aYdoCbLyAA1H","KK-Kathari Ketti Kuzhambu",false,false,"Kara Kozhambu",11,524.2083,47.6553,"KG",350,238.2765,7.3444,5,,"Hotbox: ID"
"7txklOdTUOzIl27U8hxB","KK-Kathari,Mangai Puli Kuzhambu",false,false,"Kara Kozhambu",10,525.6461,52.5646,"KG",350,262.823,6.6585,5,,""
"o3mexR9vZM4YDPUjrSWU","KK-Kathari,Murungai Puli Kuzhambu",false,false,"Kara Kozhambu",10,452.1166,45.2117,"KG",350,226.0585,7.7414,5,,"Hotbox: ID"
"qPXmyMt7IU51GXrMxaML","KK-Kathari,Vazhaikkai Puli Kuzhambu",false,false,"Kara Kozhambu",10,470.4541,47.0454,"KG",350,235.852,7.4396,5,,"Hotbox: ID"
"OvTdlC3x5QqWGCWIVlgT","KK-Kathiri, Mochai Vatha Kuzhambu",false,false,"Kara Kozhambu",9,506.907,56.323,"KG",350,281.615,6.2142,5,,"Hotbox: ID"
"sPjGCqEVFK06k97KE1mQ","KK-Kothavarangaai Kuzhambu",false,false,"Kara Kozhambu",8,524.739,65.5924,"KG",450,327.962,6.8606,5,,"Hotbox: ID"
"6BpuORW13Ieo5x5N5op0","KK-Pagarkai Kuzhambu",false,false,"Kara Kozhambu",10,453.9731,45.3973,"KG",350,226.9865,7.7097,5,,"Hotbox: ID"
"9TMK3Qf0dSTP0BCRTuWL","KK-Palakaai Puli Kuzhambu",false,false,"Kara Kozhambu",10,598.795,59.8795,"KG",450,299.3975,7.5151,5,,"Hotbox: ID"
"Y1CHGellEy7F2cY1SJoW","KK-Parangikai Ketti Kuzhambu",false,false,"Kara Kozhambu",10,410.8728,41.0873,"KG",300,211.4365,7.3015,5,,"Hotbox: ID"
"CM8uhk3GrsGLDuWjipW5","KK-Parangikai Puli Kuzhambu",false,false,"Kara Kozhambu",24,1075.1022,44.7959,"KG",350,223.9795,7.8132,5,,""
"jwmzRSO6uky6goJZKk1f","KK-Paruppu Urundai Extra",false,false,"Kara Kozhambu",100,160.85,1.6085,"NOS",7,8.0425,4.3519,5,,""
"cfMaa1vMOqcIrqJsVy9u","KK-Thattapayaru Kuzhambu New",false,false,"Kara Kozhambu",10,476.085,47.6085,"KG",450,238.0425,9.4521,5,,"Hotbox: ID"
"INOxRiLNuRZdmvctW0UY","KK-Vendaikkai Kuzhambu",false,false,"Kara Kozhambu",10,479.785,47.9785,"KG",450,239.8925,9.3792,5,,"Hotbox: ID"
"1Re0kLhWSsfb5weMME7h","KK-Vendaikkai Theeyal",false,false,"Kara Kozhambu",10,1024.9532,102.4953,"KG",400,409.9812,3.9026,4,,"Hotbox: ID"
"3zlrJrmmc1WTc2anAOa3","KP - Beans Kara Poriyal",false,false,"Kara Poriyal",0.39,45.3963,116.4008,"KG",450,582.004,3.866,5,,""
"4cgqPnKJJHQ7toTadrnG","KP - Beetroot Masala",false,false,"Kara Poriyal",10,695.572,69.5572,"KG",400,347.786,5.7507,5,,"Hotbox: HB"
"YtckMpYmXGjJhlwKKwtn","KP - Beetroot, Soya Poriyal",false,false,"Kara Poriyal",10,720.44,72.044,"KG",375,360.22,5.2052,5,,"Hotbox: HB"
"qMprx6jOchypQzm8Kxoi","KP - Beetroot, Sweet Corn Poriyal",false,false,"Kara Poriyal",10,746.772,74.6772,"KG",375,378.386,4.9553,5,,"Hotbox: HB"
"RX3gLYW19h10xHZtFp81","KP - Brinjal Coconut Poriyal Aravai",false,true,"Kara Poriyal",10,62.17,6.217,"KG",0.01,24.868,0.0016,4,,"Hotbox: HB"
"QaLoHIwANImuXcSnMtJQ","KP - Brinjal, Drumstick, Thattapayaru Poriyal Aravai",false,true,"Kara Poriyal",10,40.091,4.0091,"KG",0.01,13.9964,0.0029,4,,""
"8WG8GMWTf2ft0SqmQ570","KP - Carrot Kara Poriyal",false,false,"Kara Poriyal",10,856.59,85.659,"KG",400,428.295,4.6697,5,,"Hotbox: HB"
"ziMXFhIjinNHhtM22E5t","KP - Carrot, Cauliflower Poriyal",false,false,"Kara Poriyal",10,1015.8201,101.582,"KG",450,514.66,4.4299,5,,"Hotbox: HB"
"1K11xqkDysYh5EWZ9LD8","KP - Carrot, Kudamilagaai Poriyal",false,false,"Kara Poriyal",17.5,1551.852,88.6773,"KG",400,443.3865,4.5107,5,,""
"94vUYLhcJWHvRqyzL5RZ","KP - Carrot, Mealmaker Perattal",false,false,"Kara Poriyal",10,718.8401,71.884,"KG",400,359.42,5.5645,5,,"Hotbox: HB"
"pmEty7rj26DmAohZIo6f","KP - Carrot, Sprouts Kara Poriyal",false,false,"Kara Poriyal",10,753.6,75.36,"KG",400,315.8,6.3331,5,,"Hotbox: HB"
"slBIZvd7CWjq3dYndLVT","KP - Cauliflower Poriyal",false,false,"Kara Poriyal",22,2217.2684,100.7849,"KG",500,503.9245,4.9611,5,,"Hotbox: HB"
"ENHfFQTTDADDYiMzJ9Mw","KP - Cauliflower, Channa Poriyal",false,false,"Kara Poriyal",10,973.8701,97.387,"KG",400,486.935,4.1073,5,,"Hotbox: HB"
"5Lz2txySrx9EsEfJrjcf","KP - Gutti Venkaya Karam",false,false,"Kara Poriyal",0.75,81.663,108.884,"KG",0,544.42,0,5,,""
"1RrVnMT6KuYPs1QeECmy","KP - Kos, Carrot Kara Poriyal",false,false,"Vellai Poriyal",9.8,752.0675,76.7416,"KG",400,383.708,5.2123,5,,"Hotbox: HB"
"Nf1XiUHZr6nsy7wcj13t","KP - Kovakaai Kara Curry",false,false,"Kara Poriyal",5.75,922.078,160.3614,"KG",500,801.807,2.8062,5,,"Hotbox: HB"
"Il17hCv5BeaxNFKY7lOH","KP - Kovakaai Poriyal",false,false,"Kara Poriyal",3.2,302.4164,94.5051,"KG",400,472.5255,4.2326,5,,"Hotbox: HB"
"PKFLIpkYxINKP6rfnZ88","KP - Kovakaai Poriyal (CONVO)",false,false,"Kara Poriyal",10,1412.1,141.21,"KG",450,711.05,3.1867,5,,"Hotbox: HB"
"gsBRHL4APmBXMfnPgjU2","KP - Maravalli Kilangu",false,false,"Kara Poriyal",2.3,163.218,70.9643,"KG",400,354.8215,5.6366,5,,""
"Z3hxLivath0NbN9j1fm3","KP - Thattapaiythanga Kara Poriyal",false,false,"Kara Poriyal",0.45,28.0336,62.2969,"KG",350,311.4845,5.6183,5,,""
"epuEjnm72GeZTdCyiXg2","KP - Urulai Podi Poriyal",false,false,"Kara Poriyal",0.45,48.0337,106.7416,"KG",0,533.708,0,5,,""
"imAWL4uOjHwKOj0WVvFn","KP - Urulai Podi Poriyal Podi",false,true,"Kara Poriyal",0.096,14.281,148.7604,"KG",0,743.802,0,5,,""
"WMYFT5dPMFO4NfMkjyT3","KP - Urulai, Carrot Poriyal",false,false,"Kara Poriyal Fry",9,755.9057,83.9895,"KG",400,419.9475,4.7625,5,,"Hotbox: HB"
"KnjLF2tEty7vamCgNCOC","KP - Urulai, Kathiri Podi Curry",false,false,"Kara Poriyal",0.8,68.2482,85.3103,"KG",500,426.5515,5.861,5,,""
"0jTikvR2xkrhahXOumLe","KP - Vazhaikaai Dry Poriyal Aravai",false,true,"Kara Poriyal",10,179.7,17.97,"KG",0.01,91.475,0.0005,5,,"Hotbox: HB"
"HD5wAQrtJ60iZ1Eu9hv4","KP - Vazhaikaai Dry Poriyal Thalippu",false,true,"Kara Poriyal",10,18.65,1.865,"KG",0.01,7.46,0.0054,4,,"Hotbox: HB"
"o3G53BcjSn7pn3pluBi4","KP - Vazhakaai Dry Poriya",false,false,"Kara Poriyal",10,1188.472,118.8472,"KG",500,594.236,4.2071,5,,"Hotbox: HB"
"4rZwoo2CvHXKZbwFVgvj","KP - Vazhakaai Kara Poriyal",false,false,"Kara Poriyal",9.25,742.0184,80.2182,"KG",400,407.226,4.9864,5,,"Hotbox: HB"
"PbZIxRUoaAL0D0rAJR8V","KP - Vendikaai Podi",false,true,"Kara Poriyal",0.116,31.196,268.931,"KG",0,1344.655,0,5,,""
"YA33G4bYK2SnRQwF2lK8","KP - Yam Kara Poriyal",false,false,"Kara Poriyal",8.75,1173.165,134.076,"KG",500,670.38,3.7292,5,,"Hotbox: HB"
"8RI4VKl2eL5rLeEjUSfg","KP - Yennai Vazhaikaai",false,false,"Kara Poriyal",1.7,234.337,137.8453,"KG",500,699.962,3.6273,5,,"Hotbox: HB"
"fkOAQUfvalmZszWYCeLn","KP- Cabbage Masala",false,false,"Kara Poriyal",11,909.4433,82.6767,"KG",400,417.474,4.8381,5,,""
"CWAV1EhSg86pmSLQ6uQB","KP- Cabbage, Channa Masala",false,false,"Kara Poriyal",7.5,510.7892,68.1052,"KG",300,340.526,4.4049,5,,"Hotbox: HB"
"bLmWqquG70xCzXwV0LGP","KP- Cabbage, Peas Masala",false,false,"Kara Poriyal",6.5,502.0744,77.2422,"KG",400,390.1855,5.1258,5,,"Hotbox: HB"
"wMbdQJk848Jj44Uo848A","KP- Cabbage,Double Beans Poriyal",false,false,"Kara Poriyal",10.25,808.958,78.9227,"KG",300,394.6135,3.8012,5,,""
"5tI4efqagydOAzsf7l9y","KP- Cauliflower, Pachai Pattani Poriyal",false,false,"Kara Poriyal Fry",10,1151.8251,115.1825,"KG",600,582.1625,5.1532,5,,"Hotbox: HB"
"1nexkUzR4NCTWAnS3nkv","KP- Chinna Urulai Poriyal",false,false,"Kara Poriyal",10,736.4621,73.6462,"KG",400,368.231,5.4314,5,,"Hotbox: HB"
"TZy1Y9Ydjvspq5mjP61B","KP- Kathari,Urulai Poriyal",false,false,"Kara Poriyal",10,751.1601,75.116,"KG",350,375.58,4.6595,5,,"Hotbox: HB"
"U3YtDXXG4tOuP7UblNYC","KP- Thattapayithangai Masala Aravai",false,true,"Kara Poriyal",1.35,7.007,5.1904,"KG",0,25.952,0,5,,""
"S7byKflkeyMdLrYqg8fk","KP- Urulai Kara Kari",false,false,"Kara Poriyal",10,817.5294,81.7529,"KG",350,406.207,4.2812,5,,"Hotbox: HB"
"wgTQ121a50Bf0cBOlRPz","KP- Urulai Poriyal",false,false,"Kara Poriyal",9,767.3467,85.2607,"KG",350,426.3035,4.1051,5,,"Hotbox: HB"
"zjAUEa4JXJpDofRMkKVd","KP- Urulai,Carrot,Kudaimilagai Perattal",false,false,"Kara Poriyal",10,833.8101,83.381,"KG",400,416.905,4.7973,5,,"Hotbox: HB"
"bHs3g8yv5ERWXns6fL7T","KP- Urulai,Cauliflower Poriyal",false,false,"Kara Poriyal",10,879.866,87.9866,"KG",400,439.933,4.5461,5,,"Hotbox: HB"
"DVyKw3t4LnPP32hdyDzq","KP- Urulai,Pattani Poriyal",false,false,"Kara Poriyal Fry",10,1209.1001,120.91,"KG",450,612.55,3.6732,5,,"Hotbox: HB"
"W7nay5ZbmQq4MyulL1og","KP- Urulai,Peas Poriyal",false,false,"Kara Poriyal",9,971.0247,107.8916,"KG",450,539.458,4.1709,5,,"Hotbox: HB"
"yZUoHeMHlvVkmd3X1vw6","KP- thatapaithangai Masala",false,false,"Kara Poriyal",1.2,67.115,55.9292,"KG",375,283.8125,6.6065,5,,""
"tpVhTMhZqlPZRn1AtwVG","KP-Cabbage,Rajma Poriyal",false,false,"Kara Poriyal",10,738.356,73.8356,"KG",300,369.178,4.0631,5,,"Hotbox: HB"
"5ptENFx4mTgnhGPoTXcP","KP-Carrot, Pachai Pattani Poriyal",false,false,"Kara Poriyal",10,939.707,93.9707,"KG",400,479.8535,4.2566,5,,"Hotbox: HB"
"1kRVofHFkz7BbDJeKaRK","KP-Kanja Pattani Masala",false,false,"Kara Poriyal",10,667.9668,66.7967,"KG",350,333.9835,5.2398,5,,""
"jMuK9wj4arLLa3qx8xVT","KP-Kathari Mochai Poriyal",false,false,"Kara Poriyal",11,630.9901,57.3627,"KG",350,294.9955,5.9323,5,,""
"pFwYFMuzzhMcz5hQh9CW","KP-Kathari Thengai Poriyal",false,false,"Kara Poriyal",10,809.1051,80.9105,"KG",350,414.0525,4.3258,5,,"Hotbox: HB"
"fagRG7RGKkyLD9f75A0j","KP-Kathari,Murungai Poriyal",false,false,"Kara Poriyal",10,927.2498,92.725,"KG",400,463.625,4.3138,5,,"Hotbox: HB"
"5VIyBo7ITeFwsh670k87","KP-Kathari,Murungai,Thattapayaru Poriyal",false,false,"Kara Poriyal",10,987.1011,98.7101,"KG",400,394.8404,4.0523,4,,"Hotbox: HB"
"XrB4qSIkWpoLEjKNLDNe","KP-Kathiri, Pachai Mochai Pirattal",false,false,"Kara Poriyal",10,814.9101,81.491,"KG",350,407.455,4.295,5,,"Hotbox: HB"
"iRuSgEm5Fqr5XOczJQll","KP-Kos Ko.Kadalai Poriyal",false,false,"Kara Poriyal",10,778.266,77.8266,"KG",350,389.133,4.4972,5,,"Hotbox: HB"
"FJxVQwWlg6mPrbqMjQq2","KP-Kos Soyabean Poriyal",false,false,"Kara Poriyal",10,706.372,70.6372,"KG",350,353.186,4.9549,5,,"Hotbox: HB"
"l2KUGoepitUxwTRCKXpm","KP-Kothavarangai Masala",false,false,"Kara Poriyal",1.25,123.4163,98.733,"KG",400,493.665,4.0513,5,,""
"vDKqJG5ct2XebYPyREyQ","KP-Mochai Masala",false,false,"Kara Poriyal",10,580.9668,58.0967,"KG",350,290.4835,6.0244,5,,""
"s0P89VCQ5RXBf80mldCH","KP-Potato,Mealmaker Perattal",false,false,"Kara Poriyal",10,831.188,83.1188,"KG",350,415.594,4.2108,5,,"Hotbox: HB"
"uIsh9Pjt0c6JMrIEtolj","KP-Urulai, Carrot, Dry Peas Poriyal",false,false,"Kara Poriyal",9,745.2584,82.8065,"KG",350,414.0325,4.2267,5,,"Hotbox: HB"
"jZPsHFhDuJGVATQCY6VP","KP-Urulai, Carrot, Peas Poriyal",false,false,"Kara Poriyal",10,823.2584,82.3258,"KG",350,411.629,4.2514,5,,"Hotbox: HB"
"eeG7beTgAvdPOMCbgJbt","KP-Urulai,Carrot,Cauliflower Poriyal",false,false,"Kara Poriyal",10,962.1214,96.2121,"KG",550,481.0605,5.7165,5,,"Hotbox: HB"
"CTFm0GDMRDmcKCoPfz2o","KP-Urulai,Carrot,Channa Poriyal(No Onion)",false,false,"Kara Poriyal",10,832.549,83.2549,"KG",350,389.2745,4.204,5,,"Hotbox: HB"
"2VDYP1e5H1kW15ekprYv","KP-Urulai,Cauliflower,Pattani Poriyal",false,false,"Kara Poriyal",16.15,2329.6358,144.2499,"KG",500,730.0215,3.4662,5,,""
"lejpOHB5vcyVv1ySMYPF","KP-Urulai,Kondaikadalai Poriyal",false,false,"Kara Poriyal",10,647.03,64.703,"KG",350,323.515,5.4093,5,,"Hotbox: HB"
"YFQFV6bgzGzTwXH8tf57","KP-Urulai,cauliflower,Carrot,Pattani Poriyal",false,false,"Kara Poriyal",10,1653.8101,165.381,"KG",550,826.905,3.3257,5,,"Hotbox: HB"
"xNHeQR6lhiDfYMEChyS1","KP-Vendaikkai Podi Poriyal",false,false,"Kara Poriyal",9.5,1384.7294,145.761,"KG",550,728.805,3.7733,5,,"Hotbox: HB"
"blhLgSsEuh6Xd1pkUy9d","KP-Vendaikkai Poriyal",false,false,"Kara Poriyal",9.5,900.6536,94.8056,"KG",550,474.028,5.8013,5,,"Hotbox: HB"
"5aE3Y5yZxrAcfYsJEL3d","KPC - Baby Urulai, Kalan Pirattal",false,false,"Kara Poriyal",10,1489.3856,148.9386,"KG",550,744.693,3.6928,5,,""
"2gL4tDQEJhbXP8qxJeLN","KPC - Carrot, Double Beans Perattal",false,false,"Kara Poriyal",10,783.347,78.3347,"KG",500,396.1735,6.3829,5,,"Hotbox: HB"
"0qkT8gW1P7BhvC3T57zg","KPC - Carrot, Pilakottai Pirattal",false,false,"Kara Poriyal",0.8,63.175,78.9687,"KG",500,394.8435,6.3316,5,,""
"N5ns9ptEQ8U6uoxat6rR","KPC - Perattal Aravai",false,true,"Kara Poriyal",10,71.43,7.143,"KG",0.01,30.72,0.0014,5,,""
"HjK5xdXThkcDCb9HxDit","KPC - Urulai,Beetroot,Cauliflower Pirattal",false,false,"Kara Poriyal",10,770.4601,77.046,"KG",500,385.23,6.4896,5,,"Hotbox: HB"
"U17P5KseBiaA8T2Uqfdb","KPC - Urulai,Beetroot,Pattani Perattal",false,false,"Kara Poriyal",10,730.0751,73.0075,"KG",450,365.0375,6.1638,5,,"Hotbox: HB"
"OzxciqfmcJCVTXQ1u7tG","KPC- Beetroot, Carrot,Pattani Perattal",false,false,"Kara Poriyal",10,1001.0641,100.1064,"KG",500,500.532,4.9947,5,,"Hotbox: HB"
"al7g09U20FKLdWQokTwz","KPC- Kalakos Perattal",false,false,"Kara Poriyal Fry",10,2532.7225,253.2723,"KG",1000,1266.3615,3.9483,5,,""
"6w7T3QBv9ywsvU8lvsQl","KPC- Mochai Perattal",false,false,"Kara Poriyal",13,747.443,57.4956,"KG",350,287.478,6.0874,5,,"Hotbox: HB"
"R76fowisXydwT3Xk1K6h","KPC- Urulai,Cauliflower,Carrot,Butter Beans Perattal",false,false,"Kara Poriyal",10,1051.505,105.1505,"KG",500,525.7525,4.7551,5,,"Hotbox: HB"
"znBeKfl7kb6ZfL2zbinU","KPC-Beetroot Pirattal",false,false,"Kara Poriyal",10,754.463,75.4463,"KG",350,377.2315,4.6391,5,,"Hotbox: HB"
"FoG5AOyxuq6p2uahDKva","KPC-Beetroot,Channa Pirattal",false,false,"Kara Poriyal",10,738.155,73.8155,"KG",350,369.0775,4.7416,5,,""
"bH5Mm4qeSc3jxtNFdwEg","KPC-Beetroot,Double Beans Perattal",false,false,"Kara Poriyal",10,862.305,86.2305,"KG",400,431.1525,4.6387,5,,"Hotbox: HB"
"ye88TKXs4Y98HWrlSmaI","KPC-Channa Pirattal",false,false,"Kara Poriyal Fry",10,615.332,61.5332,"KG",300,307.666,4.8754,5,,""
"y3oJMXdaJZdPxdDAG7DG","KPC-Chinna Urlai,Kalan, Butter Beans  Pirattal",false,false,"Kara Poriyal Fry",11.25,1598.4476,142.0842,"KG",550,718.7545,3.8709,5,,""
"WY6pPYRs5415bptt8CG7","KPC-Mixed Veg. Pirattal",false,false,"Kara Poriyal",10,1537.429,153.7429,"KG",550,768.7145,3.5774,5,,"Hotbox: HB"
"3c03Oar2SR8MW4TXV86p","KPC-Rajma Pirattal",false,false,"Kara Poriyal Fry",10,580.332,58.0332,"KG",300,290.166,5.1695,5,,""
"AZ3sJBVX5oE5ckLX3DvT","KPC-Urulai, Carrot, Kaalan Pirattal",false,false,"Kara Poriyal",10,994.285,99.4285,"KG",500,497.1425,5.0287,5,,"Hotbox: HB"
"0BVp8ROS8984CZnj63OC","KPC-Urulai,Carrot,Beans Perattal",false,false,"Kara Poriyal",10,718.235,71.8235,"KG",450,359.1175,6.2654,5,,"Hotbox: HB"
"WJCWPHcPCctSmUunpNql","KPC-Urulai,Carrot,Cauliflower,Pattani Perattal",false,false,"Kara Poriyal",10,814.2951,81.4295,"KG",500,407.1475,6.1403,5,,"Hotbox: HB"
"9OxOJ6TbEMqDZOhJHIRT","KPC-Urulai,Carrot,Kondaikadalai Perattal",false,false,"Kara Poriyal",10,687.099,68.7099,"KG",450,343.5495,6.5493,5,,"Hotbox: HB"
"FVf0Wh96nb3ozvAYp838","KPC-Urulai,Carrot,Pattani Perattal",false,false,"Kara Poriyal",10,833.3751,83.3375,"KG",500,416.6875,5.9997,5,,"Hotbox: HB"
"a2hKGw8h55xZOwNZ1Wbw","KPF - Raw Plantain Fry",false,false,"Kara Poriyal",10,1018.39,101.839,"KG",450,509.195,4.4187,5,,"Hotbox: HB"
"J5bWRUNqlrkNNM5H3LNZ","KPF - Sembu Fry",false,false,"Kara Poriyal Fry",0.9,173.885,193.2056,"NOS",750,966.028,3.8819,5,,""
"RkuI783KnAs6NfcBGJk1","KPF - Urulai Fry",false,false,"Kara Poriyal",9,1096.546,121.8384,"KG",500,609.192,4.1038,5,,"Hotbox: HB"
"5HvQYFTvS41hR5zoBl5G","KPF - Yam Fry",false,false,"Kara Poriyal",9.4,1668.793,177.5312,"KG",500,887.656,2.8164,5,,"Hotbox: HB"
"JTa2HKmOzASkxBWizukZ","KPF - Yam Varuval",false,false,"Kara Poriyal",10.75,2167.94,201.6688,"KG",500,1008.344,2.4793,5,,"Hotbox: HB"
"pXeIk9waGH0VVQgBUlPO","KPF-Urulai Karuvattu Poriyal",false,false,"Kara Poriyal",9.5,1096.546,115.4259,"KG",450,577.1295,3.8986,5,,"Hotbox: HB"
"pNtR8S1qzZ0FGUO1R03Y","Kanchipuram Idly Thalippu",false,true,"Piece Main Dish",100,119.8,1.198,"NOS",0,5.99,0,5,,""
"MnUEWbCHpPYg2fLf5z2g","Kandharappam",false,false,"Sweet Piece",100,471.898,4.719,"NOS",25,23.595,5.2977,5,,""
"QPx7KNI4P2nn3BP0Tlgh","Karuveppilai Podi",false,true,"Powder",10,1785.53,178.553,"KG",0,892.765,0,5,,""
"o55cXey81F1SJsFVQT6I","Kashayam-Nilavembu",false,false,"Soup",0.6,167.5,279.1667,"LT",0,1395.8335,0,5,,""
"e00v9FEzi4RTHapQ1cD8","Kerala- Kadalai Kai Thalippu",false,true,"Tiffen Sambar",10,30.483,3.0483,"KG",0,15.2415,0,5,,""
"Hgd9BuzMS8TPGD2Afjrj","Kerala- Kos Thoran",false,false,"Kerela Items",10,1062.244,106.2244,"KG",300,531.122,2.8242,5,,""
"C2ghEz2Vn9G0qRWSMnlQ","Kerala- Papadam",false,false,"Kerela Items",100,253.75,2.5375,"NOS",6,12.6875,2.3645,5,,""
"UhUBkDB2Bm2x7V6Ah2pr","Kerala-Inji Puli",false,false,"Kerela Items",10,1043.099,104.3099,"KG",450,521.5495,4.3141,5,,""
"Ktz7IvBWcchza37V3pj9","Kerala-Inji Puli Thalippu",false,true,"Kerela Items",10,51.708,5.1708,"KG",0,25.854,0,5,,""
"M8OswCvR56GXPTx7517W","Kerala-Kadalai Kari",false,false,"Tiffen Sambar",10,244.557,24.4557,"KG",0,122.2785,0,5,,""
"TzoOYnlOe1Y9EXaxzZaI","Kerala-Kadalai Kari Aravai",false,true,"Tiffen Sambar",10,119.214,11.9214,"KG",0,60.192,0,5,,""
"c4Zwm9xMalGAmvGtTIYK","Kerala-Kos Thoran Thalippu",false,true,"Kara Poriyal",10,0,0,"KG",0,0,0,5,,""
"2jezhRKbpACTj1dLzvpo","Kerala-Sakkara varatti",false,false,"Kerela Items",1,600,600,"KG",750,0,1.25,5,,""
"Z7D8VCrifEDqddDXuTZE","Kerela - Eriseri",false,false,"Kootu",9.8,436.8098,44.5724,"KG",200,222.862,4.4871,5,,"Hotbox: HB"
"8D1AjTDzcaVFbEwKSq7Z","Kerela - Eriseri Aravai",false,true,"Kootu",10,105.717,10.5717,"KG",0.01,52.8585,0.0009,5,,"Hotbox: HB"
"WquQO6qZoVsytsrsAN6A","Kerela - Eriseri Thaalippu",false,true,"Kootu",10,59.197,5.9197,"KG",0.01,23.6788,0.0017,4,,""
"DXqd7MjPLm3SDxYxyTBJ","Kerela - Eriseru Aravai",false,true,"Kootu",10,0,0,"KG",1000,0,0,4,,"Hotbox: HB"
"7sF3vzcScM3iZsyQnek3","Kerela - Kaalan",false,false,"Kootu",10,1243.37,124.337,"KG",300,621.685,2.4128,5,,"Hotbox: HB"
"HIbvGPeKzjvvUpiMbDVh","Kerela - Kaalan Aravai",false,true,"Kootu",10,265.53,26.553,"KG",0.01,106.212,0.0004,4,,""
"vK7zcr0MivuHyvCR3DZS","Kerela - Kaalan Thaalippu",false,true,"Kootu",10,73.1,7.31,"KG",0.01,29.24,0.0014,4,,""
"Hk3rrvspivz2CGOZTh93","Kerela - Kadalai Curry",false,false,"Subji",10,244.124,24.4124,"KG",0,122.062,0,5,,""
"XcGcNvVvhQxeT7Wqdkt3","Kerela - Kadalai Curry Aravai",false,true,"Subji",10,121.065,12.1065,"KG",0,60.5325,0,5,,""
"YedJBiUmwZcj4Dz8XaOK","Kerela - Kadalai Curry Tempering",false,true,"Subji",10,30.45,3.045,"KG",0,15.225,0,5,,""
"PzvASYb2Z54baRsXeYcB","Kerela - Parippu Curry",false,false,"Dal",1,26.502,26.502,"KG",150,132.51,5.66,5,,""
"zdIthXlFWIyqATo0cPsd","Kerela - Varuthu Araitha Sambar",false,false,"Sambar",13,417.2596,32.0969,"KG",250,160.4845,7.7889,5,,"Hotbox: ID"
"5Bv5jn8nx2vPRFz9Hcke","Kerela - Varuthu Araitha Sambar Aravai",false,true,"Sambar",10,112.072,11.2072,"KG",0.01,56.036,0.0009,5,,""
"Totdubm9P70iVsF5jQ0y","Kerela - Varuthu Araitha Sambar Thaalippu",false,true,"Sambar",10,40.29,4.029,"KG",0.01,16.116,0.0025,4,,""
"G6dm8sc1jdlklgSJZBde","Kerela - Yam Koottu Curry",false,false,"Kootu",6.5,538.795,82.8915,"KG",350,415.6575,4.2102,5,,"Hotbox: HB"
"hwS87wy60x2jaDmRBdE1","Kicchadi- Semia Kichadi",false,false,"Kicchidi",25.7,1196.896,46.5718,"KG",200,232.859,4.2944,5,,""
"JQemaBaQ3I1grlsX031P","Kicchidi - Kuthiraivali Veg Kicchidi",false,false,"Bulk Main Dish",8,475.543,59.4429,"KG",150,297.2145,2.5234,5,,"Hotbox: HB"
"yv9UyEcpCXttfCImXzEO","Kicchidi - Rava Kicchidi",false,false,"Bulk Main Dish",10,315.692,31.5692,"KG",200,157.846,6.3353,5,,"Hotbox: HB"
"QpPL43PonB6tXLBS2QJS","Kicchidi - Samai Kicchidi",false,false,"Bulk Main Dish",8,495.543,61.9429,"KG",150,309.7145,2.4216,5,,"Hotbox: HB"
"lzvKhhAGsezT0ZjeAEF2","Kicchidi - Thinai Veg. Kicchidi",false,false,"Bulk Main Dish",9,457.193,50.7992,"KG",150,253.996,2.9528,5,,"Hotbox: HB"
"ehWML033bnLClazeyK3c","Kicchidi - Varagu Murungaikeerai",false,false,"Bulk Main Dish",8,462.293,57.7866,"KG",150,288.933,2.5958,5,,"Hotbox: HB"
"3LhDUcFSjX1E0leWTmHM","Kolkatta Aloo Subji",false,false,"Subji",10,389.73,38.973,"KG",1,194.865,0.0257,5,,"Hotbox: ID"
"ZDoeQoVaoO5Tal8l8XCk","Kootu - 7 Kaai Kootu",false,false,"Kootu",2.5,115.003,46.0012,"KG",0,230.006,0,5,,""
"dQBLxnYNJ7dS2HU4YChb","Kootu - 7 Kaai Kootu",false,true,"Kootu",2.5,21.72,8.688,"KG",0,43.44,0,5,,""
"GwGw7lSnWSHLqDzdgN7I","Kootu - Chow Chow ",false,false,"Kootu",10.6,496.26,46.817,"KG",250,234.085,5.3399,5,,"Hotbox: HB"
"EIRyKOyiVanqEYAtAlpH","Kootu - Keerai, Kadalai Paruppu ",false,false,"Kootu",10,458.535,45.8535,"KG",250,229.2675,5.4521,5,,"Hotbox: ID"
"C4B0uPZcsDilFvEk5y11","Kootu - Keerai,Pasiparuppu",false,false,"Kootu",8,334.8672,41.8584,"KG",250,209.292,5.9725,5,,"Hotbox: HB"
"Hb9WDMel7wZGzZO4enMM","Kootu - Mor Kootu Aravai",false,true,"Kootu",8.5,147.93,17.4035,"KG",0,87.0175,0,5,,""
"LNpRfFrOjAADWEXK5eOh","Kootu - Pagarkaai Pitlai Aravai",false,true,"Kootu",3.5,91.6825,26.195,"KG",0,125.2605,16.1452,5,,""
"BA1foasLthQA6ZqKCVQR","Kootu - Pagarkai Pitlai",false,false,"Kootu",3.85,222.9625,57.9123,"KG",350,289.5615,6.0436,5,,""
"RLx0hpP2SYagF4unhHI7","Kootu - Peerkangaai Pitlai",false,false,"Kootu",3.35,203.8395,60.8476,"KG",350,328.7735,5.7521,5,,""
"FQgg5S34QULIavVdhdwp","Kootu - Poosani",false,false,"Kootu",10,564.6328,56.4633,"KG",350,225.8532,6.1987,4,,"Hotbox: HB"
"v75swJgLnwVh0YZiwtJu","Kootu - Poosani Palakat",false,false,"Kootu",17.6,936.6795,53.2204,"KG",300,266.102,5.6369,5,,"Hotbox: HB"
"pa8YMpVdBZcpKzuwUHCc","Kootu - Poosani Palakat Aravai",false,true,"Kootu",10,104.817,10.4817,"KG",0.01,52.4085,0.001,5,,""
"EqEH7Dnwc4XQhag8QW9t","Kootu - Poosani Palakat Thaalippu",false,true,"Kootu",10,116.988,11.6988,"KG",0.01,58.494,0.0009,5,,""
"r4GrR5l5RJFxjliSLZts","Kootu - Snakegourd Pitlai",false,false,"Kootu",3.85,236.1625,61.3409,"KG",350,305.146,5.7058,5,,""
"CZNr9OxXJZS9oiM0nLJd","Kootu - Vazhaithandu (N)",false,false,"Kootu",19,688.009,36.211,"KG",250,181.055,6.904,5,,"Hotbox: HB"
"uBWNALPoSLpw6Ylpjahx","Kootu - Vazhaithandu Kootu Thalippu",false,true,"Kootu",10,9.181,0.9181,"KG",501,3.6724,545.6922,4,,"Hotbox: HB"
"cgrFaDXYopPXl3D9pliD","Kootu New - Snakegourd",false,false,"Kootu",6,269.6312,44.9385,"KG",500,224.6925,11.1263,5,,""
"mKT4MPai9qInY457hDIV","Kootu- Arachu Vitta Kootu Suraikkai",false,false,"Kootu",0.95,29.4489,30.9988,"KG",250,154.994,8.0648,5,,""
"Ce1UKTnz9DS2S3rp2wjh","Kootu- Arachu Vitta Kootu Thalippu",false,true,"Kootu",0.77,0.732,0.9506,"KG",0,4.753,0,5,,""
"HkZYHFaze2jBEIcjpKjJ","Kootu- Arachu vitta Suraikkai Kootu Aravai",false,true,"Kootu",15.84,129.268,8.1609,"KG",0,41.338,0,5,,""
"4l8h1prR5tZebUEl6EIS","Kootu- Mullangi",false,false,"Kootu",8,614.945,76.8681,"KG",350,384.3405,4.5533,5,,"Hotbox: HB"
"9YDhV1Dg7ANjPTzgr2L1","Kootu- Palakaai",false,false,"Kootu",10.7,657.605,61.4584,"KG",350,307.292,5.6949,5,,"Hotbox: HB"
"qFNAc5wh1mvcdDaYL8y2","Kootu- Suraikkai ",false,false,"Kootu",10,451.66,45.166,"KG",250,223.33,5.5351,5,,"Hotbox: HB"
"Y7WYkr2IFF0YDHwETTEa","Kootu-Chow Chow Mor Kootu",false,false,"Kootu",8.5,473.5758,55.7148,"KG",0,278.574,0,5,,""
"EoNCTzXrHkz5khAnK9Ir","Kootu-Keerai, Mangai Kadayal",false,false,"Kootu",1,63.287,63.287,"KG",350,316.435,5.5304,5,,""
"pME4LOEadinEKyChYZ3p","Kootu-Kos",false,false,"Kootu",14,613.456,43.8183,"KG",250,219.0915,5.7054,5,,"Hotbox: ID"
"fqrb5RGH2DFb3fOp92hh","Kootu-Palak Keerai Kadaiyal",false,false,"Kootu",0.82,43.421,52.9524,"KG",350,289.4735,6.6097,5,,""
"D8G0wYVS0geh02E15KED","Kootu-Parangikkaai",false,false,"Kootu",10,321.395,32.1395,"KG",250,160.6975,7.7786,5,,"Hotbox: HB"
"5YXIMR7CAgeOnoRr0Pvc","Kootu-Paruppu Keerai Kadaiyal",false,false,"Kootu",0.75,41.623,55.4973,"KG",350,277.4865,6.3066,5,,""
"SNTHq52bFsMRq11PVhmv","Kootu-Pudalai",false,false,"Kootu",13,599.91,46.1469,"KG",250,230.7345,5.4175,5,,"Hotbox: HB"
"qA1ahukSvbLy8tc6dHtL","Kootu-Vendhaya Keerai Kadaiyal",false,false,"Kootu",1.05,52.671,50.1629,"KG",350,250.8145,6.9773,5,,""
"obbVI2dPg6XowokehZjo","Kumbakonam Pickle",false,false,"Pickle",10,1446.172,144.6172,"KG",300,578.4688,2.0744,4,,""
"LwlwemGTkU2mC4D80wXt","Kurma - Channa Kurma",false,false,"Kurma",1.15,57.7891,50.2514,"KG",0,251.257,0,5,,""
"m5YbRRZ50eAHrxxUT6Vi","Kurma - Parota Kruna Aravai Red",false,true,"Kurma",12.4,375.493,30.2817,"KG",0,151.4085,0,5,,""
"fiwgrTj47AiuTfj8wjbY","Kurma - Parota Kurma Red",false,false,"Kurma",10,536.939,53.6939,"KG",0,268.4695,3.5715,5,,"Hotbox: ID"
"M3vqtc0PZIILTCdkIEdd","Kurma - Potato Kurma",false,false,"Kurma",12.4,682.3401,55.0274,"KG",0,275.137,0,5,,"Hotbox: ID"
"vPgypbJnXOAn7jz7WKCJ","Kurma - Potato Kurma Red",false,false,"Kurma",11,573.9707,52.1792,"KG",0,260.896,0,5,,"Hotbox: ID"
"zcdY0xX8tRmbYSvR4L1r","Kurma- Paneer,Peas  Kurma",false,false,"Kurma",10,1095.303,109.5303,"KG",300,547.6515,2.739,5,,""
"UCt094m646xtkRLifrPq","Kurma- Parota Kurma Aravai",false,true,"Kurma",12.4,391.693,31.5881,"KG",0,157.9405,0,5,,""
"UOZ7K2Uq9SVFOJjlq4kX","Kurma- Veg Kurma",false,false,"Kurma",12.4,655.0372,52.8256,"KG",0,264.128,3.1993,5,,"Hotbox: ID"
"E4N5KwDpGSjIiSWtzNs7","Kurma- Veg Kurma (Rich)",false,false,"Kurma",10,847.3338,84.7334,"KG",0,423.667,1.6651,5,,"Hotbox: ID"
"W0jh99wC9UEwWc1o9yE9","Kurma- Veg Kurma(Rich) Aravai",false,true,"Kurma",10,336.243,33.6243,"KG",0,134.4972,0,4,,""
"hCIFRSlWxhC31SO6iLUt","Kurma-Tomato Kurma",false,false,"Kurma",14,710.4354,50.7454,"KG",0,253.727,0,5,,"Hotbox: ID"
"soyid906kY6jfERr9sIQ","Layer Chapathi",false,false,"Parata",10,23.7564,2.3756,"NOS",0,11.878,0,5,,""
"GFoWt4x2k3Gky4IUaB4Y","Leaf - Tiffin Thattu Ilai",false,false,"Service Items",1,3,3,"NOS",7,15,2.3333,5,,""
"66NwQY2RCFr0exrBwjWb","Leaf - Yaedu",false,false,"Service Items",100,200,2,"NOS",2,10,1,5,,""
"RiA0KAV3EF1Nt6tYdbQ8","Leaf- Round Ilai",false,false,"Service Items",100,200,2,"NOS",3,10,1.5,5,,""
"ve9WtWtSH5FLdV4Y8SZK","Leaf- Sappattu Ilai",false,false,"Service Items",1,4,4,"NOS",10,20,2.5,5,,""
"Sd4X3NJg4Gu61LhTm4AW","Leaf-Tiffin Ilai",false,false,"Service Items",100,400,4,"NOS",7,20,1.75,5,,""
"X5MWDvbVZPEPI428eJ6b","Live - Masal Siyum",false,false,"Deep Fry",100,319.3287,3.1933,"NOS",25,15.8885,7.8289,5,,"Non Insulated: Tray"
"GE4ibBdqz6LZNZG3g9EO","Live Filter Coffee",false,false,"Hot Beverage",10,718.5832,71.8583,"LT",400,359.2915,5.5665,5,,""
"vTp0O46Oro6JR7vQ4zeo","Live Item Charge-BF",false,false,"Service Items",1,0,0,"NOS",1000,0,0,5,,""
"dOK14qGrdJ9Q2veidhdZ","Live Item Charges",false,false,"Service Items",1,0,0,"NOS",1500,0,0,5,,""
"y6sKoBnLa6WBoJxBN7af","Live Poori",false,false,"Piece Main Dish",1,7.225,7.225,"NOS",20,36.125,2.7682,5,,""
"ICfuu6XiTsUuBR78ddHt","Live-Medhu vadai",false,false,"Vada",100,356.8544,3.5685,"NOS",25,17.8425,7.0057,5,,"Non Insulated: Tray"
"FHoXgWwZg6kcoaHES7RX","Lunch Sambar Tempering",false,true,"Sambar",50,30.65,0.613,"KG",0.01,4.277,0.0163,5,,""
"8TUa7KhM942uwtd7F1Fg","Lunch Service Vessel",false,false,"Service Items",1,0,0,"NOS",500,0,0,5,,""
"28hIBJUoGtuVxx8QBvDU","MAAVU - ARISI PARUPPU UPMA",false,true,"Maavu",3.9,151.86,38.9385,"KG",0,196.6925,0,5,,""
"UZ9JWvaOITDmhPVydFQI","MK - Andhra Mor Kuzhambu",false,false,"Mor Kozhambu",10,562.013,56.2013,"KG",0,281.0065,0,5,,""
"lLTEW1qX0xFMhucd4P7b","MK - Andhra Mor Kuzhambu Tempering",false,true,"Mor Kozhambu",10,48.895,4.8895,"KG",0.1,24.4475,0.0205,5,,""
"2DE7ko41w9b9V4JraKlE","MK - Apple Mor Kuzhambu",false,false,"Mor Kozhambu",10,1096.482,109.6482,"KG",650,548.241,5.928,5,,"Non Insulated: SD"
"mFmmbrDpTsAhLUXuOMGp","MK - Bonda Mor Kuzhambu",false,false,"Mor Kozhambu",8,711.732,88.9665,"KG",350,444.8325,3.9341,5,,"Non Insulated: SD"
"P7oCgiVpcyBSC82wmWDr","MK - Mambazbu Mor Kuzhambu",false,false,"Mor Kozhambu",1,79.323,79.323,"KG",0,396.615,0,5,,""
"ZhGr9C6nw6XhhcFh3xpn","MK - Mixed Veg Mor Kuzhambu",false,false,"Mor Kozhambu",10,767.082,76.7082,"KG",350,383.541,4.5627,5,,"Non Insulated: SD"
"qlzkCVI4NPTLpr4wjsk1","MK - Mor Kuzhambu Thaalippu",false,true,"Mor Kozhambu",10,42.082,4.2082,"KG",0.01,21.041,0.0024,5,,""
"HnLIz1l3FzqEg5PXhIWx","MK - Morkuzhambu Aravai",false,true,"Mor Kozhambu",10,554.4,55.44,"KG",0.01,277.2,0.0002,5,,"Hotbox: HB"
"yu9SoAfs9W6HGgNgjGIJ","MK - Pakoda Mor Kuzhambu",false,false,"Mor Kozhambu",10,748.882,74.8882,"KG",450,366.866,6.009,5,,"Non Insulated: SD"
"OV7EX9FGnE8fmYSzABJP","MK - Poosani Mor Kuzhambu",false,false,"Mor Kozhambu",10,689.082,68.9082,"KG",350,336.966,5.0792,5,,"Non Insulated: SD"
"SDHVdF2MD7tEGSY8I4Ls","MK - Sembu Mor Kuzhambu",false,false,"Mor Kozhambu",10,697.732,69.7732,"KG",350,348.866,5.0163,5,,"Non Insulated: SD"
"57TgWAsKFQLPzOKt1UzT","MK-Kovakkai Mor Kuzhambu",false,false,"Mor Kozhambu",10,736.482,73.6482,"KG",350,368.241,4.7523,5,,"Non Insulated: SD"
"G08uMBKe6x2ZozEiZE8Z","MK-Kudaimilakaai Mor Kuzhambu",false,false,"Mor Kozhambu",10,706.482,70.6482,"KG",350,353.241,4.9541,5,,"Non Insulated: SD"
"2HpmIF46CGTERk2LQciq","MK-Paruppu Urundai Morkuzhambu",false,false,"Mor Kozhambu",10,837.757,83.7757,"KG",450,418.8785,5.3715,5,,""
"lk44j20ZE7iyqpI6TwWS","MK-Vendaikkai Mor Kuzhambu",false,false,"Mor Kozhambu",10,686.482,68.6482,"KG",450,343.241,6.5552,5,,"Non Insulated: SD"
"QDgU6ri6PD8jMI2v3whS","Maavu - Bonda, Siyum Veli Maavu",false,true,"Maavu",75,46.24,0.6165,"NOS",0,3.0825,1421.6799,5,,""
"r9DrFKPulE4Yz4bgAtjg","Maavu - Idly Maavu (285)",false,true,"Maavu",3.2,80.481,25.1503,"KG",0,125.7515,0,5,,""
"wQSrPkwRDjkVZh6XpjUM","Maavu- Vendhaya Dosai Mavu",false,true,"Maavu",26,514.92,19.0711,"KG",0,95.3555,0,5,,""
"HAFPIwN2knjrjjxVuvDc","Maavu- Venthaya Dosai Maavu",false,true,"Maavu",100,462.707,4.6271,"NOS",0,23.1355,0,5,,""
"CopOfCGNOcN5HBVceHgr","Maavu-Adai Mavu",false,true,"Maavu",0.32,13.0284,40.7138,"KG",0,203.569,0,5,,""
"7tPghT95MYcOKOI1tH9j","Maavu-Poongar Dosai Mavu",false,true,"Maavu",10,306.63,30.663,"KG",0,153.315,0,5,,""
"oLkiQy10v8R2h1UqLpvE","Manchurian - Gobi ",false,false,"Starter",10,1419.734,141.9734,"KG",500,715.067,3.4962,5,,"Hotbox: HB"
"UptXPk4SaHI1AK6BNNoP","Mandi - Agathi Keerai Mandi",false,false,"Mandi",2,120.608,60.304,"KG",300,281.92,4.9748,5,,"Hotbox: ID"
"wABZMlPmmF1Msf73MSVS","Mandi - Bittergourd, Channa",false,false,"Mandi",3.5,213.9783,61.1367,"KG",350,305.6835,5.7249,5,,""
"0TMaUsucIYLZxkHdjgyn","Mandi - Carrot, Double Beans",false,false,"Mandi",10,658.2127,65.8213,"KG",350,329.1065,5.3174,5,,"Hotbox: HB"
"o4JfgmsqUgsKhHHcxG6E","Mandi - Carrot, Mango, Channa Mandi",false,false,"Mandi",10,836.708,83.6708,"KG",450,418.354,5.3782,5,,"Hotbox: HB"
"ZbkuYP3Ojv4pn1E2E6oY","Mandi - Carrot, Mango, SoyaBean ",false,false,"Mandi",10,1006.222,100.6222,"KG",500,503.111,4.9691,5,,"Hotbox: HB"
"nPn50Xlh0yVj2gZ8AJLM","Mandi - Coconut Milk Mango Curry",false,false,"Mandi",0.67,117.11,174.791,"KG",500,873.955,2.8606,5,,""
"PHm6aC6rETdfQr0R5xtX","Mandi - Coconut Milk Mango Curry Thalippu",false,true,"Mandi",0.5,8.965,17.93,"KG",0.01,89.65,0.0006,5,,""
"G2C6zgjARtqY3h4AaiGm","Mandi - Kudamilagaai, DoubleBeans Mandi",false,false,"Mandi",10,669.3767,66.9377,"KG",350,267.7508,5.2287,4,,"Hotbox: HB"
"xqt5hIlyVV99Xp05DNN4","Mandi - Lady'sfinger Mandi",false,true,"Mandi",10,345.058,34.5058,"KG",0.01,172.529,0.0003,5,,"Hotbox: HB"
"fq8DjavBOV9vK96PHQPu","Mandi - Maa Ginger, Channa Mandi",false,false,"Mandi",10,662.9211,66.2921,"KG",350,331.4605,5.2797,5,,"Hotbox: HB"
"aQvSMZ5w5WiB2e2Z9QLK","Mandi - Mandi Thalippu",false,true,"Mandi",25,19.59,0.7836,"KG",0.01,3.918,0.0128,5,,""
"olDKIWBnBGgAF7YRMeBw","Mandi - MangoGinger, Groundnut Mandi",false,false,"Mandi",10,773.013,77.3013,"KG",400,309.2052,5.1746,4,,"Hotbox: HB"
"MGrClVHG2PGShDJD14D5","Mandi - Milagaai Mandi",false,false,"Mandi",10,802.25,80.225,"KG",400,406.125,4.986,5,,"Hotbox: HB"
"OLEia9UFkzTVlVKoJPmW","Mandi - Pagarkkaai, Nilakadalai",false,false,"Mandi",3.5,213.9783,61.1367,"KG",350,305.6835,5.7249,5,,""
"nhZSYpLrFKCTJG4MlBuT","Mandi - Palakaai Mandi",false,false,"Mandi",12,681.6473,56.8039,"KG",350,284.0195,6.1615,5,,"Hotbox: HB"
"N00b3FJGJ3EL9DT74D0S","Mandi - Pumpkin Puli Curry",false,false,"Mandi",12,359.0759,29.923,"KG",200,149.615,6.6838,5,,"Hotbox: HB"
"qoAwIPCvdo88AEecoI23","Mandi - Pumpkin Puli Curry Podi",false,true,"Mandi",10,23.191,2.3191,"KG",0.01,11.5955,0.0043,5,,"Hotbox: HB"
"0QJk48aZfcVzw1Wl805A","Mandi- Kondaikadalai,Kudai Milagai Mandi",false,false,"Mandi",10,630.5632,63.0563,"KG",350,315.2815,5.5506,5,,"Hotbox: HB"
"Zd0MnfzKtdsrxZMJgWE8","Mandi- Kudaimilagai, Nilakkadalai Mandi",false,false,"Mandi",10,717.9766,71.7977,"KG",350,358.9885,4.8748,5,,"Hotbox: HB"
"NhrGHuQVAbQx8cKDQFnI","Mandi- Maa Inji,Kondaikadalai,Kudai Milagai Mandi",false,false,"Mandi",12,692.3261,57.6938,"KG",550,288.469,9.5331,5,,"Hotbox: HB"
"JRkfln3GD8onKM1e3RNT","Mandi- Vendaikkai, Kondaikadalai ",false,false,"Mandi",10,480.5581,48.0558,"KG",420,247.779,8.7398,5,,"Hotbox: HB"
"qxQP6pi5IPzS8Ffxz0v0","Mandi-Bajji Milagaai, Double Beans",false,false,"Mandi",9,517.0267,57.4474,"KG",350,287.237,6.0925,5,,"Hotbox: HB"
"fFeGg9RJ1qZcEA1a1pQe","Mandi-Carrot, Nilakkadalai Mandi",false,false,"Mandi",19.5,1140.0241,58.4628,"KG",350,292.314,5.9867,5,,"Hotbox: HB"
"Omn32OrFUS0tpBIELnHw","Mandi-Kathari,Urulai Mandi",false,false,"Mandi",12,560.2857,46.6905,"KG",350,233.4525,7.4962,5,,""
"POKA7taoUdo6vkHhWacS","Mandi-Kathiri, Mochai",false,false,"Mandi",11.5,496.9374,43.2119,"KG",350,216.0595,8.0996,5,,"Hotbox: HB"
"eVJDSXpbv3eIl3C3mQE7","Mandi-Kudai Milagai,Soyabean Mandi",false,false,"Mandi",13.3,702.9102,52.8504,"KG",350,264.252,6.6225,5,,""
"ETQCyBaKhHaWWIFxzxbe","Mandi-Maa Ginger, Nilakadalai Mandi",false,false,"Mandi",10,735.4211,73.5421,"KG",420,367.7105,5.711,5,,"Hotbox: HB"
"i7M1tdpE6S2bM1fXLSvJ","Mandi-Maa Inji,Nilakadalai, Kudai Milagai",false,false,"Mandi",10,715.746,71.5746,"KG",420,357.873,5.868,5,,"Hotbox: HB"
"8hsSrvWpdfCjZJoBO2Xo","Mandi-Parangikaai, Nilakadalai",false,false,"Mandi",11,617.1656,56.106,"KG",350,280.53,6.2382,5,,"Hotbox: HB"
"Gml3lXd4azwIl5cCFx8F","Mandi-Sarkaraivalli, Nilakadalai",false,false,"Mandi",11,547.1526,49.7411,"KG",350,248.7055,7.0364,5,,"Hotbox: HB"
"fSPcc9YsxCXceqLp06EG","Mandi-Vendai,Mango,Mochai",false,false,"Mandi",9.2,604.8914,65.7491,"KG",500,328.7455,7.6047,5,,"Hotbox: HB"
"vQRro5m5eo64AaRTsRqG","Mandi-Vendaikaai",false,false,"Mandi",11.2,511.1081,45.6347,"KG",420,234.8695,8.9411,5,,"Hotbox: HB"
"j5ZwIppbPZwyHiEapBBY","Mandi-Vendaikkai,Mochai",false,false,"Mandi",9.2,504.2672,54.8117,"KG",350,282.2105,6.201,5,,"Hotbox: HB"
"wM4zeaeatdYKMeReNTeJ","Mandi-Vendaikkai,Nilakkadalai",false,false,"Mandi",10,524.0581,52.4058,"KG",420,262.029,8.0144,5,,"Hotbox: HB"
"DxnI6rmKNV4r9Fe8bBc7","Mandi-Vendi, Rajma Mandi",false,false,"Mandi",10,580.8381,58.0838,"KG",420,290.419,7.2309,5,,""
"5fvZrGQmkfVWDmnnGzY2","Mango Ginger Thuvayal",false,false,"Thuvayal",0.4,81.48,203.7,"KG",500,1018.5,2.4546,5,,""
"2X7mTft3lWRotSrb2Xv4","Masal Dosa Paneer",false,true,"Stuffing",400,1240.195,3.1005,"NOS",0,15.5025,0,5,,""
"oWg0UMq7uJI70bmxBifA","Masala Poori",false,false,"Piece Main Dish",15,61.392,4.0928,"NOS",25,20.464,6.1083,5,,""
"KwMn6xRvnda0vkb29Q4L","Masala dosa Corn",false,false,"Dosa",100,302.1439,3.0214,"NOS",18,15.107,5.9575,5,,""
"7TMeHhzRLfI3q9O2CNHU","Masiyal - Karunaikizhangu Masiyal",false,false,"Kara Poriyal",10,914.23,91.423,"KG",450,457.115,4.9222,5,,"Hotbox: HB"
"4coqAheDyqr13bO3vHXO","Masiyal- Seppangizhangu ",false,false,"Kara Poriyal",11.5,1072.185,93.2335,"KG",450,466.1675,4.8266,5,,"Hotbox: HB"
"p4mEAMe22KHfi1qEsPEP","Mavadu Inji Pickle",false,false,"Pickle",1,0,0,"KG",750,0,0,5,,""
"i4UUIsqZklttACcrWdum","Mavu - Chinna Chola Dosai",false,true,"Maavu",26,622.269,23.9334,"KG",50,119.667,2.0891,5,,""
"GYCu4gIWnZTo1pnxkWVv","Mavu - Keppai Dosa",false,true,"Maavu",27,606.54,22.4644,"KG",0,112.322,0,5,,""
"jsX1fmhUQPh7u6Oh0E32","Mavu- Arisi Upma Mavu",false,true,"Maavu",10,618.887,61.8887,"KG",0,252.4948,0,4,,""
"rzfYzE9JpSICrZEkThCA","Mavu- Bajji Mavu",false,true,"Maavu",10,1369.633,136.9633,"KG",0,684.8165,0,5,,""
"MEg7dsV8Sz4LszzNQBtv","Mavu- Manchurian Mavu",false,true,"Maavu",10,545.458,54.5458,"KG",0,218.1832,0,4,,""
"Lhm0nFRClO69pnZwzH9d","Mavu- Mysore Bonda ",false,true,"Maavu",3.3,150.56,45.6242,"KG",0,228.121,0,5,,""
"ulxdIEoTDoUVXs5uOBDF","Mavu- Neer Dosai Mavu",false,true,"Maavu",10,251.4,25.14,"KG",0,100.56,0,4,,""
"xpL2sRF3XESeedtgsEzz","Mavu- Rava Dosa Mix",false,true,"Maavu",10,439.0445,43.9045,"KG",0,219.5225,0,5,,""
"BHPfViFd4MolUXMiD22k","Mavu- Vadai Mavu",false,true,"Maavu",4.15,203,48.9157,"KG",0,244.5785,0,5,,""
"cZFYI5z4XUDcXyi148J7","Mavu-65 Mavu",false,true,"Maavu",10,767.601,76.7601,"KG",0,307.0404,0,4,,""
"JGHyQ0G9EktxXvkKLFFl","Mavu-Appa Mavu",false,true,"Maavu",11.5,224.15,19.4913,"KG",0,97.4565,0,5,,""
"PGzPglnLW7Ham4nFqzz1","Mavu-Baby corn Manchurian Mavu",false,true,"Maavu",1.72,101.324,58.9093,"KG",0,235.6372,0,4,,""
"5gsD4OQMiaKRnfWMl1rs","Mavu-Chola Dosa Mavu",false,true,"Maavu",10,183.99,18.399,"KG",0,91.995,0,5,,""
"oTG3Estlmvv1MDmOPlCY","Mavu-Idly Kattu Yanam",false,true,"Maavu",36,1129.35,31.3708,"KG",0,156.854,0,5,,""
"PulaYKnmsKrPnkFM8DdP","Mavu-Idly Maavu",false,true,"Maavu",3.25,74.011,22.7726,"KG",0,113.863,0,5,,""
"UZTNKJtbVtflZMvtiUrk","Mavu-Idly Mavu (290)",false,true,"Maavu",3.3,82.491,24.9973,"KG",0,124.9865,0,5,,""
"c68sJG1wFOW2D1iwb8Ou","Mavu-Idly Mavu (310)",false,true,"Maavu",2.95,82.151,27.8478,"KG",0,139.239,0,5,,""
"aN9O1zjj6BMN2jz0fzMU","Mavu-Idly Mavu(250)",false,true,"Maavu",3.15,75.881,24.0892,"KG",0,120.446,0,5,,""
"wQbRywTmtj7jnE2fRdMS","Mavu-Idly Thooyamalli",false,true,"Maavu",8.64,290.0076,33.5657,"KG",0,167.8285,0,5,,""
"zmfRuXG5tuniP5l6QhgZ","Mavu-Idly mavu (275)",false,true,"Maavu",3.05,69.251,21.308,"KG",0,106.54,0,5,,""
"EylFlxh7o9dXCMck0ABU","Mavu-Javvarisi Dosai Mavu",false,true,"Maavu",10,233.34,23.334,"KG",0,116.67,0,5,,""
"K20u73tUyqxpvtTJupvh","Mavu-Kambu dosa Mavu",false,true,"Maavu",9,199.118,22.1242,"KG",0,110.621,0,5,,""
"sHP3rlY6n1QDilWOLWgA","Mavu-Kandharappa Mavu",false,true,"Maavu",2.7,253.898,94.0363,"KG",0,470.1815,0,5,,""
"xhYXX4XrMtfAw3q0cMaV","Mavu-Karkandu Vadai Mavu",false,true,"Maavu",100,249.7,2.497,"NOS",0,12.485,0,5,,""
"tq0U9E2dlzRAJEuilgiH","Mavu-Karunguruvai Dosa Mavu",false,true,"Maavu",10,307.28,30.728,"KG",0,122.912,0,4,,""
"BrfwJM3S073TgJa7mZw0","Mavu-Kattuyanam Dosai Mavu",false,true,"Maavu",10,307.41,30.741,"KG",0,153.705,0,5,,""
"GdAzbSThDY11vfRlF9wl","Mavu-Kattuyanam Upma Mavu",false,true,"Maavu",10,1089.387,108.9387,"KG",0,435.7548,0,4,,""
"f59Wi5WIw73lS9BxJsm4","Mavu-Keppai Idly Mavu",false,true,"Maavu",3.26,77.506,23.7748,"KG",0,118.874,0,5,,""
"XtHCirikVctMeuDURxmE","Mavu-Kuzhi Paniyara Mavu",false,true,"Maavu",2,47.885,23.9425,"KG",0,119.9875,0,5,,""
"KSA7ADT6lNkuB1xI3wrn","Mavu-Mappillai Samba  Dosai Mavu",false,true,"Maavu",10,307.28,30.728,"KG",0,122.912,0,4,,""
"JkShX5gEkU997n8onnke","Mavu-Masal Siyum Mavu",false,true,"Maavu",2.8,83.14,29.6929,"KG",0,148.4645,0,5,,""
"0y5S94plSDeQRlobbmSx","Mavu-Mavu urndai Mavu",false,true,"Maavu",10,1138,113.8,"KG",0,569,0,5,,""
"dU8C81gf5cJfYLE2hPWo","Mavu-Mini Idly",false,true,"Maavu",3.1,79.301,25.581,"KG",0,127.905,0,5,,""
"SptCpZLEZ8cV6OlMufNn","Mavu-Multi Grain Dosai Mavu",false,true,"Maavu",10,226.45,22.645,"KG",0,90.58,0,4,,""
"0U67gIaoYA2JM4mVt4Bl","Mavu-Navara Dosai Mavu",false,true,"Maavu",11.2,317.82,28.3768,"KG",0,141.884,0,5,,""
"aUqgkJvHSheC39anS1gO","Mavu-Navara Upma Mavu",false,true,"Maavu",10,1089.387,108.9387,"KG",0,544.6935,0,5,,""
"Hay41LILirV06cpE9nqd","Mavu-Pidi Kozhukkattai Maavu",false,true,"Maavu",2.7,37.082,13.7341,"KG",0,68.6705,0,5,,""
"xpDWxOreh5WWBXgD3i1X","Mavu-Samai dosai Mavu",false,true,"Maavu",10,398.85,39.885,"KG",0,199.425,0,5,,""
"JbvEGSAxgtD94kWAJosH","Mavu-Sponge Dosai Mavu",false,true,"Maavu",10,694.292,69.4292,"KG",0,347.146,0,5,,""
"sLFhLbZaSNWDhskCcViy","Mavu-Stuffing Bonda mavu",false,true,"Maavu",2,63.256,31.628,"KG",0,158.14,0,5,,""
"IyEGqXPlk4R7YJFT1Hqw","Mavu-Thooyamalli Idly Mavu",false,true,"Maavu",8.64,272.3176,31.5182,"KG",0,157.591,0,5,,""
"7zVEVfyCTyj2WdhI1LD0","Mavu-Uthappa Mavu",false,true,"Maavu",9,214.014,23.7793,"KG",0,118.8965,0,5,,""
"kU4cjJSBPvW9is1dzZox","Mavu-Varagu Dosai Maavu",false,true,"Maavu",9,330.604,36.7338,"KG",0,183.669,0,5,,""
"pFClGLBAOLXvkQ9m203Z","Mavu-Ve.Paniyara Mavu",false,true,"Maavu",10.3,284.755,27.6461,"KG",0,138.2305,0,5,,""
"ABzsJjPpMiMeQUXIwGr0","Millets-Keppai Idly",false,false,"Piece Main Dish",100,118.874,1.1887,"NOS",16,5.9435,13.4601,5,,"Hotbox: HB"
"u2n4misLWejBq8Ws5tl5","Mysore Pa",false,false,"Sweet Piece",1,0,0,"NOS",30,0,0,5,,""
"6hW9LqSNCOrsCRzX0WEC","NAVARA IDKY MAAVU",false,true,"Maavu",13,0,0,"KG",0,0,0,5,,""
"0lhAjMakPEf7GI46nh44","Nattu Sakkarai",false,false,"Sweet Bulk",1,90,90,"KG",180,450,2,5,,""
"9N86JZpHS4wbOZ5HPpXu","Noodles - Noodles Pasta",false,false,"Bulk Main Dish",0.6,80.28,133.8,"KG",500,669,3.7369,5,,""
"iaaCRMv0n8Kgqbah1QNq","Noodles- Veg Noodles",false,false,"Bulk Main Dish",11,559.989,50.9081,"KG",250,254.5405,4.9108,5,,""
"hIjxa8o2mqT6Ri5kHf1J","Nuggets Coating",false,true,"Starter",20,20.172,1.0086,"NOS",0.01,5.043,0.0099,5,,""
"9xdSYBXoGv4ZpgX6veVj","ON Garlic Podi Thattu Idly",false,false,"Piece Main Dish",100,879.4529,8.7945,"NOS",30,43.9725,3.4112,5,,"Hotbox: HB"
"qujTYk9TF9pHsGQyGAPR","ON PARUPPU NEI (MOONG DAL)",false,false,"Bulk Main Dish",2,95.99,47.995,"LT",250,212.975,5.2089,5,,"Non Insulated: Thooku"
"h3jeTaYaXd4TyXJhG0aA","ONLINE - THATTU IDLY PLAIN",false,false,"Piece Main Dish",100,292.4019,2.924,"NOS",30,14.62,10.2599,5,,"Hotbox: HB"
"qvPVveb6fc9BORqvSgbT","ONLINE - Thooyamalli Thattu Idly",false,false,"Piece Main Dish",100,0,0,"NOS",30,0,0,5,,"Hotbox: HB"
"VheO1IHFh0CRvUG06ZnF","ONLINE ADAI DOSAI",false,false,"Piece Main Dish",6,31.3141,5.219,"NOS",20,26.095,3.8322,5,,""
"qSBuiVISkAaGGUiTwgPJ","ONLINE Adai",false,false,"Piece Main Dish",8,31.7934,3.9742,"NOS",20,19.6085,5.0998,5,,""
"V4D6JzlFK1t37LHOoFvq","ONLINE PARCEL",false,false,"Service Items",1,0,0,"NOS",10,0,0,5,,""
"w7MJpGTz9vzQdnaNUQMn","ONLINE POORI",false,false,"Piece Main Dish",75,252.251,3.3633,"NOS",18,16.8165,5.3519,5,,"Non Insulated: Tray"
"MVJPZnDwSNEJdujHhqP5","ORDER-Adai",false,false,"Piece Main Dish",10,30.9484,3.0948,"NOS",30,15.474,9.6937,5,,""
"rLY8y4UQTEmbh0Ks8wSb","Olan",false,false,"Kootu",10,730.385,73.0385,"KG",400,365.1925,5.4766,5,,""
"ntRqbsnH37Kb2YPONu62","Onion Base Gravy",false,true,"Subji",30,872.23,29.0743,"KG",0,145.3715,0,5,,""
"yUVFPikVFWBL3Da1W1ED","Onion Gravy (Yellow)",false,true,"Subji",0.35,47.41,135.4571,"KG",1,677.2855,0.0074,5,,""
"IVrhfydmB0FuUmFRTqlj","Online - Medhu Vada",false,false,"Vada",95,343.5042,3.6158,"NOS",25,18.079,6.9141,5,,""
"xwruykdFxaMMJ6KmNhhV","Order - Applam",false,false,"Piece Main Dish",105,222.25,2.1167,"NOS",5,8.4668,2.3622,4,,"Hotbox: HB"
"r0m1zh1Qlr2B2iCH9xdX","Order - Heartin Idly",false,false,"Piece Main Dish",100,100,1,"NOS",0.01,5,0.01,5,,""
"jbgb7FZKnk4dwCR7duIV","Order - Idly",false,false,"Piece Main Dish",100,91.0904,0.9109,"NOS",20,4.5545,21.9563,5,,"Hotbox: HB"
"h2jBWiRSZhuoOicGNpeZ","Order - Milagai chutney",false,false,"Chutney",12,806.3002,67.1917,"KG",0,335.9585,6.4281,5,,"Hotbox: HB"
"Uhh2M3yAbQMzYGLMoSN8","Order - Mini Poori",false,false,"Piece Main Dish",80,109.449,1.3681,"NOS",10,6.8405,7.3094,5,,"Non Insulated: Tray"
"fDpjd9Yjz0bPFGYQSKTH","Order - Tea (WO Sugar)",false,false,"Hot Beverage",10,494.575,49.4575,"KG",270,247.2875,5.4592,5,,"Hotbox: ID"
"WtXUiMSVpWOMz4hXqSq3","Order - Tiffin Sambar (No Onion)",false,false,"Tiffen Sambar",10.5,358.8768,34.1787,"KG",0,170.8935,0,5,,"Hotbox: ID"
"YfepCARMSdzFxUCtlBGB","Order - Tiffin Sambar 3",false,false,"Tiffen Sambar",12.5,419.3157,33.5453,"KG",0,167.7265,0,5,,"Hotbox: ID"
"btSeLVNzXwTKNwxaP4md","Order - Ulundhu Vadai",false,false,"Deep Fry",150,567.4618,3.7831,"NOS",16,18.9155,4.2293,5,,""
"VWi3ir5XRxiBnu7Moqhu","Order- Dily Mini",false,false,"Piece Main Dish",100,120.1052,1.2011,"NOS",3,5.9555,2.5187,5,,"Hotbox: HB"
"ZKYSWdvm7W57Q9wN4Q2m","Order- Poori",false,false,"Piece Main Dish",100,252.251,2.5225,"NOS",18,12.6125,7.1358,5,,"Non Insulated: Tray"
"KlCfZbifqRSmkjuIZLbX","Order- Thattu Idly",false,false,"Piece Main Dish",100,792.6723,7.9267,"NOS",30,39.6335,3.7847,5,,"Hotbox: HB"
"La2O4C1dGLACukoOPqXK","Order-Buttermilk",false,false,"Meals Standard Item",10,310.4,31.04,"KG",120,155.2,3.866,5,,"Hotbox: TC"
"osvwuan46MsGfdmSanZM","Order-Curd",false,false,"Meals Standard Item",10,561,56.1,"KG",300,280.5,5.3476,5,,""
"CIKGglvGwx4hMB1pXnm2","Order-Filter Coffee",false,false,"Hot Beverage",10,713.5832,71.3583,"LT",400,356.7915,5.6055,5,,""
"57VFithQRCz4Hkn7E1Ov","Order-Filter Coffee W/O Sugar",false,false,"Hot Beverage",10,712.6874,71.2687,"LT",350,356.3435,4.911,5,,""
"BGVGtkwxsBd8UY9Hkp5Q","Order-Filter Coffee early",false,false,"Hot Beverage",10,713.5832,71.3583,"LT",350,356.7915,4.9048,5,,""
"TCAk2M80xUw5u9vf0Rrm","Order-Garlic Pickle",false,false,"Pickle",10,1060,106,"KG",800,530,7.5472,5,,""
"u0qQO8bKkFiQAF6I0OAT","Order-Medhu Vadai",false,false,"Vada",95,343.5842,3.6167,"NOS",25,18.0835,6.9124,5,,"Non Insulated: Tray"
"u3ALHaFSggWUjcbbShiL","Order-Medhu Vadai (W/O Onion)",false,false,"Vada",80,325.7942,4.0724,"NOS",25,20.362,6.1389,5,,"Non Insulated: Tray"
"Es65A6xMRlAebRAH2Aa9","Order-Mini Idly",false,false,"Piece Main Dish",100,75.9391,0.7594,"NOS",3,3.797,3.9505,5,,"Hotbox: HB"
"xiRVbQJp9HTR5r7To6Kr","Order-Pongal",false,false,"Bulk Main Dish",11,549.462,49.9511,"KG",350,249.7555,7.0069,5,,"Hotbox: HB"
"NKbXYixwSBmiDyZPpN57","Order-Tea",false,false,"Hot Beverage",10,469.575,46.9575,"KG",270,236.7875,5.7499,5,,"Hotbox: ID"
"JmCVWtvTHKr0i5t0QQKa","Order-Tiffin Sambar",false,false,"Tiffen Sambar",12.5,381.3157,30.5053,"KG",0,152.5265,0,5,,"Hotbox: ID"
"UfHgQw5CqDm7VKP9jpG9","Order-Tiffin Sambar 2",false,false,"Tiffen Sambar",12.5,414.8157,33.1853,"KG",0,165.9265,5.2577,5,,"Hotbox: ID"
"xA0vx17NsAnaGpqa1kts","Order-Tiffin Sambar(GC)",false,false,"Tiffen Sambar",12,417.7342,34.8112,"KG",0,174.056,0.0512,5,,"Hotbox: ID"
"ISW9VYRKA60PJbqfp7jF","P - Ada Pradhaman",false,false,"Sweet Payasam",10,828.125,82.8125,"KG",350,331.25,4.2264,4,,"Hotbox: ID"
"0WMnmOPYr9fyk5eWz4Ih","P - Arisi Payasam",false,false,"Sweet Payasam",10,548.17,54.817,"KG",250,274.085,4.5606,5,,"Hotbox: ID"
"6QL0e9hmLXDmUlijAlHW","P - Aval Payasam Jaggery",false,false,"Sweet Payasam",10,512.27,51.227,"KG",250,256.135,4.8802,5,,"Hotbox: ID"
"NopGPaY7Mp7Q1z9WZJrW","P - Aval Payasam Sugar",false,false,"Sweet Payasam",10,428.97,42.897,"KG",250,171.588,5.8279,4,,"Hotbox: ID"
"jTmJ9GoVR78hCyl0xSid","P - Badham Kheer",false,false,"Sweet Payasam",14,2632.013,188.0009,"KG",800,800.719,4.9955,5,,""
"qzxn5aRxU2lCB1008Xlb","P - Carrot Kheer",false,false,"Sweet Payasam",61,8269.28,135.562,"KG",600,677.81,4.426,5,,"Hotbox: ID"
"SlQHXGC5WoLloxCeJi7K","P - Carrot, Semiya Payasa",false,false,"Sweet Payasam",10,617.07,61.707,"KG",250,246.828,4.0514,4,,"Hotbox: ID"
"3LCpYDngjrkVTgcLPIeF","P - Cucumber Payasam",false,false,"Sweet Payasam",10,466.92,46.692,"KG",250,234.46,5.3542,5,,"Hotbox: ID"
"YTpAp40tG7g9liu2hsW5","P - Javurisi Payasam",false,false,"Sweet Payasam",10,604.75,60.475,"KG",300,302.375,4.9607,5,,"Hotbox: ID"
"UDJdVht6YNDrivFqNb4B","P - Javurisi, Semiya Payasam Jaggery",false,false,"Sweet Payasam",10,497.97,49.797,"KG",250,199.988,5.0003,4,,"Hotbox: ID"
"mrIN0unolvFifQZ7YW3s","P - Javurisi, Semiya Payasam Sugar",false,false,"Sweet Payasam",12.5,505.07,40.4056,"KG",250,202.028,6.1873,5,,"Hotbox: ID"
"njPPEbBGArG3Y6weB9uR","P - Kadalai Paruppu Payasa",false,false,"Sweet Payasam",10,676.72,67.672,"KG",350,338.36,5.172,5,,"Hotbox: ID"
"yQn0saKU8WbMRMGC9GEi","P - Kavuni Arisi Payasam",false,false,"Sweet Payasam",10,546.97,54.697,"KG",350,273.485,6.3989,5,,"Hotbox: ID"
"6G6ldkXeFe9yiOHUOmPr","P - Koozh Payasam",false,false,"Sweet Payasam",12.5,499.31,39.9448,"KG",250,200.524,6.2586,5,,"Hotbox: ID"
"pOOEK6eEIN7qRVfK3aXb","P - Kuruvai Arisi Payasa",false,false,"Sweet Payasam",10,353.22,35.322,"KG",250,142.088,7.0777,4,,"Hotbox: ID"
"YPFhsHMrG6ZUestNhdeg","P - Milk Payasam",false,false,"Bulk Main Dish",9.5,652.788,68.7145,"LT",350,274.858,5.0935,4,,"Hotbox: ID"
"qqeiy7Lelpl5v2YCK23L","P - Moongdhal Payasam Milk",false,false,"Sweet Payasam",10,627.77,62.777,"KG",300,314.885,4.7636,5,,"Hotbox: ID"
"Mir00tr6UYRs2aTmERvX","P - Moongdhall Payasam (Coconut Milk)",false,false,"Sweet Payasam",3,195.669,65.223,"LT",300,326.115,4.5996,5,,"Hotbox: ID"
"BYAapLcbwW8enGKZgALQ","P - Mukoottu Payasam",false,false,"Sweet Payasam",10,548.13,54.813,"KG",250,274.065,4.561,5,,"Hotbox: ID"
"tHOgkBfZUwjmetDgtVWt","P - Oats Payasam Jaggery",false,false,"Sweet Payasam",10,568.72,56.872,"KG",250,227.488,4.3958,4,,"Hotbox: ID"
"32ET6jfLzkqqF3Blli3A","P - Paal Payasam",false,false,"Sweet Payasam",10,867.7,86.77,"KG",450,433.85,5.1861,5,,"Hotbox: ID"
"FJse9BVRrqObLEr5vODW","P - Payasam Thalippu",false,true,"Sweet Payasam",10,159.97,15.997,"KG",0.01,64.788,0.0006,4,,""
"VXSuRS17z0WvujDrG3ws","P - Pazha Pradhaman",false,false,"Sweet Payasam",2.5,245.2,98.08,"KG",400,478.4,4.1806,5,,""
"8kcBLXj9dTVkeQRDGZ3Q","P - Rava Payasam",false,false,"Sweet Payasam",10,417.47,41.747,"KG",250,208.735,5.9885,5,,"Hotbox: ID"
"bhnZeskvkwiDsYDzZFJR","P - Semiya Paal Payasam",false,false,"Sweet Payasam",10,559.47,55.947,"KG",250,279.735,4.4685,5,,"Hotbox: ID"
"fl1AiIit0f7IhYBigO2L","P - Wheat Rava Payasam",false,false,"Sweet Payasam",10,541.81,54.181,"KG",250,217.524,4.5972,4,,"Hotbox: ID"
"seCy8e7COnNZlmX8nvdb","P-Pazha Payasam",false,false,"Sweet Payasam",10,951.459,95.1459,"KG",500,475.7295,5.2551,5,,""
"fts8LhL6PSiwC2Q2Ub4f","P-Pazha Payasam Milk Boiling",false,true,"Sweet Payasam",10,742.7592,74.2759,"LT",0,371.3795,0,5,,""
"dUzGg9LvguC0UG7JSDye","PMD - 3 TASTE UTHAPPAM",false,false,"Piece Main Dish",100,1085.8774,10.8588,"NOS",15,54.294,1.3814,5,,"Hotbox: HB"
"OokNRmyuxp1ulAxJn2yg","PMD - Benne Masal Dosa",false,false,"Piece Main Dish",100,978.9655,9.7897,"NOS",15,48.9485,1.5322,5,,"Hotbox: HB"
"IXlpU0akAaXzAIvEQFa2","PMD - Benne Masal Dosa Masala",false,true,"Piece Main Dish",13,37.98,2.9215,"NOS",0,14.6075,0,5,,""
"RXz93DQBM7LpqkeFt3JQ","PMD - Chinna Cholam Dosai",false,false,"Piece Main Dish",100,250.1758,2.5018,"NOS",25,0,9.9928,5,,"Hotbox: HB"
"mc2e3N3unmHPCmO38jXk","PMD - Kuzhi Idiyappam",false,false,"Piece Main Dish",100,159.025,1.5903,"NOS",20,7.9515,12.5762,5,,"Hotbox: HB"
"In4fEhu9rUzZX7A1hAPt","PMD - Lemon Idiyappam",false,false,"Piece Main Dish",100,195.925,1.9593,"NOS",15,9.7965,7.6558,5,,"Hotbox: HB"
"YfNMP7amFaRAz3fhuGd9","PMD - MALLI IDIYAPPAM ARAVAI",false,true,"Piece Main Dish",100,994.63,9.9463,"KG",0,39.7852,0,4,,"Hotbox: HB"
"b7Q0WPwupwW5Fdv1u28b","PMD - MASAL DOSAI",false,false,"Piece Main Dish",100,313.2176,3.1322,"NOS",35,15.661,11.1743,5,,"Hotbox: HB"
"gfccmj9Y6cCNs9VLHVvF","PMD - MASAL DOSAI POTATO",false,true,"Piece Main Dish",100,141.389,1.4139,"NOS",0,7.0695,0,5,,"Hotbox: HB"
"6z7rI7NgkzGGPZ1CiIj6","PMD - MASALA MINI IDLY",false,false,"Piece Main Dish",140,95.425,0.6816,"NOS",3.25,3.408,4.7682,5,,""
"9hz1IpYUkchkHoNSSYE1","PMD - NAVARA MINI IDLY",false,false,"Piece Main Dish",100,45.2579,0.4526,"NOS",3,2.263,6.6284,5,,"Hotbox: HB"
"ahNgEp7yBDhnOx98xTZB","PMD - NO SALT IDIYAPPAM",false,false,"Piece Main Dish",100,159.025,1.5903,"NOS",15,7.9515,9.4322,5,,"Hotbox: HB"
"C46M3sYDacEKfeURY49h","PMD - ON ONION UTHAPPAM",false,false,"Piece Main Dish",80,211.8965,2.6487,"NOS",15,13.2435,5.6632,5,,"Hotbox: HB"
"vfB4Jvbsx8UManmh5FjV","PMD - ON PODI UTHAPPAM",false,false,"Piece Main Dish",80,241.5799,3.0197,"NOS",15,15.0985,4.9674,5,,"Hotbox: HB"
"y5scThCWchoJqNwwOGLX","PMD - ON VEG UTHAPPAM",false,false,"Piece Main Dish",80,309.9206,3.874,"NOS",25,19.3775,6.4508,5,,"Hotbox: HB"
"SEVhzwQ664rOWpNfQL0a","PMD - ONION UTHAPPAM",false,false,"Piece Main Dish",100,241.8965,2.419,"NOS",25,12.095,10.3348,5,,"Hotbox: HB"
"H5Xo6iS4T0tiD15nY150","PMD - Onion Podi Dosai",false,false,"Piece Main Dish",100,301.1934,3.0119,"NOS",35,15.0595,11.6206,5,,"Hotbox: HB"
"DMua0kvLoL1Pi0pXq9aH","PMD - Onion Podi Uthappam",false,false,"Piece Main Dish",100,303.4727,3.0347,"NOS",25,15.1735,8.238,5,,"Hotbox: HB"
"ZWDEka9Kmd7MvQHpgVfy","PMD - Onion Uthappam (Big)",false,false,"Piece Main Dish",100,799.1895,7.9919,"NOS",75,39.9595,9.3845,5,,""
"OYtkgDxgW0LiujJtAOmd","PMD - PARROTA",false,false,"Piece Main Dish",100,280.845,2.8085,"NOS",15,11.234,5.3409,4,,"Hotbox: HB"
"HlPXyvF0OIaXcVU2OsJY","PMD - PERIYA IDIYAPPAM",false,false,"Piece Main Dish",78,159.081,2.0395,"NOS",15,10.1975,7.3547,5,,"Hotbox: HB"
"0Ug7aQb74aKuNELNEgWq","PMD - PIDI KOZHUKATTAI",false,false,"Piece Main Dish",100,109.8723,1.0987,"NOS",7,5.4935,6.3712,5,,"Hotbox: HB"
"8xKTMxAYDnKusyQQH8MH","PMD - PIDI KOZHUKATTAI Pudhina",false,false,"Piece Main Dish",100,139.7853,1.3979,"NOS",7,7.2685,5.0075,5,,"Hotbox: HB"
"tF5iTwUCxbLdBmNPOHvn","PMD - PIDI KOZHUKATTAI TOMATO",false,false,"Piece Main Dish",100,204.3657,2.0437,"NOS",7,10.2185,3.4252,5,,"Hotbox: HB"
"tU3y1RAgJ8EhX6bf6xFS","PMD - PODI UTHAPPAM",false,false,"Piece Main Dish",100,209.7758,2.0978,"NOS",25,10.489,11.9172,5,,"Hotbox: HB"
"qKQjQuI8Q8xaPStZ41Jx","PMD - Paneer Masal Dosa",false,false,"Piece Main Dish",100,449.3776,4.4938,"NOS",45,22.469,10.0138,5,,"Hotbox: HB"
"P7szQCt6qIzJWHTehTbs","PMD - Plain Kuzhi Idiyappam",false,false,"Piece Main Dish",155,263.1701,1.6979,"NOS",10,8.3505,5.8896,5,,""
"cqFyPG1ueIq4vEypqJK9","PMD - Plain Parota",false,false,"Piece Main Dish",80,278.234,3.4779,"NOS",20,17.3895,5.7506,5,,""
"T9Y2Tun7gZ2FBnrTJvgt","PMD - Podi Dosai",false,false,"Piece Main Dish",100,209.7758,2.0978,"NOS",25,10.495,11.9104,5,,"Hotbox: HB"
"R8FtxYSl6HVJvltBapjR","PMD - STUFFED IDLY",false,false,"Piece Main Dish",100,251.8175,2.5182,"NOS",0,10.0728,0,4,,"Hotbox: HB"
"3DMP8oLRMpwamH2x0ims","PMD - T.Rice Masal Dosai",false,false,"Piece Main Dish",100,337.9088,3.3791,"NOS",25,17.0455,7.3333,5,,"Hotbox: HB"
"wDyTV5xZgIvF9meHiGFG","PMD - Tomato Uthappam (RS)",false,false,"Piece Main Dish",100,361.2172,3.6122,"NOS",25,18.061,6.921,5,,""
"j3nDknkk1gZ2kP8MjiLC","PMD - Turkish Paratha",false,false,"Piece Main Dish",20,107.658,5.3829,"NOS",25,26.9145,4.6443,5,,""
"nH2gBjwtqOCMy16bpyjM","PMD - VEG UTHAPPAM",false,false,"Piece Main Dish",100,316.4906,3.1649,"NOS",25,15.8245,7.8991,5,,"Hotbox: HB"
"Z8zwM9zOEbKQlh5GaKYw","PMD - Varagu Masal Dosai",false,false,"Piece Main Dish",100,315.3583,3.1536,"NOS",25,15.768,7.9274,5,,"Hotbox: HB"
"taWTXEKiDbMf3kpnH2VL","PMD- Kanchipuram Idly",false,false,"Piece Main Dish",50,433.5911,8.6718,"NOS",15,43.528,1.7297,5,,""
"d3Aa2OjsYefoyVho20KZ","PMD- Tomato Idiyappam",false,false,"Piece Main Dish",100,247.0634,2.4706,"NOS",15,12.353,6.0714,5,,"Hotbox: HB"
"eHKRJyd5ragafPBLl9G7","PMD- appam Coconut Milk",false,false,"Piece Main Dish",10,441.546,44.1546,"KG",0,176.6184,3.9314,4,,"Hotbox: TC"
"KVxLjjSAkkmGjlE9dKIs","PMD-Appam",false,false,"Piece Main Dish",100,194.913,1.9491,"NOS",15,7.7964,7.6959,4,,""
"31KDiMhLBOjWfw4q84tj","PMD-Beetroot Idiyappam",false,false,"Piece Main Dish",90,158.862,1.7651,"NOS",15,8.8255,8.4981,5,,"Hotbox: HB"
"wwX8DsYe9qDuSoH5vSsB","PMD-Garlic Podi Mini Idly",false,false,"Piece Main Dish",100,100.7959,1.008,"NOS",6,3.84,5.9524,5,,"Hotbox: HB"
"zgH4ivRgeXXpn7KiCoSL","PMD-Ghee Dosa",false,false,"Dosa",100,161.9117,1.6191,"NOS",15,7.6155,9.8483,5,,""
"Y6FVfwkEYRQrhd0QYRq6","PMD-M.Samba Sweet Kozhukattai",false,false,"Piece Main Dish",21,92.65,4.4119,"NOS",18,22.0595,4.0799,5,,""
"UQZLSjoXmY8KKND4TMHx","PMD-M.Samba Uppu Kozhukattai",false,false,"Piece Main Dish",80,219.07,2.7384,"NOS",15,13.692,5.4777,5,,""
"L4FLhwVK0LywajQPdvlw","PMD-ON Garlic Podi Uthappam",false,false,"Piece Main Dish",80,218.7168,2.734,"NOS",25,13.6775,9.1441,5,,"Hotbox: HB"
"rEbM8qB7JlBjfV10eXiU","PMD-Paneer,Veg Uthappam",false,false,"Piece Main Dish",80,470.3206,5.879,"NOS",50,29.395,8.5048,5,,"Hotbox: HB"
"AE8QJRtiDpl0xosjEyai","PMD-Podi Mini Idly",false,false,"Piece Main Dish",100,91.5876,0.9159,"NOS",3,4.5795,3.2755,5,,"Hotbox: HB"
"gQd7iYMyqLfPJrLIrBWA","PMD-Pudhina Idiyappam",false,false,"Piece Main Dish",100,197.227,1.9723,"NOS",15,9.8615,7.6053,5,,"Hotbox: HB"
"a2bM4jfpvcnkdQOSGSnJ","PMD-Thooyamalli Idly",false,false,"Piece Main Dish",100,168.3072,1.6831,"NOS",0,8.4155,0,5,,""
"DMhHffQDPBVRxUU9x6dx","PMD-Thooyamalli Mini Idly",false,false,"Piece Main Dish",100,67.4182,0.6742,"NOS",3,3.371,4.4497,5,,"Hotbox: HB"
"pUIKuOat9pzAhJTZPpYP","PMD-Tradional Rice Thattu Idly",false,false,"Piece Main Dish",100,413.635,4.1364,"NOS",3,20.682,0.7253,5,,"Hotbox: HB"
"GN9r77NxptkaZC7d2bPd","PMD-Uthappan",false,false,"Piece Main Dish",100,250.1758,2.5018,"NOS",25,12.509,9.9928,5,,"Hotbox: HB"
"0lRDzpDVX0nuTIRBxqSd","PODI - IYENGAR VETTU RASA PODI",false,false,"Powder",10,2622.315,262.2315,"KG",0,1311.1575,0,5,,"Hotbox: HB"
"t8l5UxwTPEZxpMR1tj6F","PODI -IDLY PODI NEW",false,false,"Powder",10,1315.359,131.5359,"KG",0,526.1436,0,4,,"Non Insulated: Thooku"
"fa62s1uXwFMTTlLjPeFl","PS-Badam Kathli",false,false,"Sweet Piece",100,1200,12,"NOS",30,60,2.5,5,,""
"0IorCSRvmnUBanjIozYc","PS-Modhagam",false,false,"Sweet Piece",100,238.74,2.3874,"NOS",12,11.937,5.0264,5,,""
"gHbjPAr5FfKvonTTt7sp","PSW-Coconut Inippu Siyum",false,false,"Sweet Piece",100,708.5225,7.0852,"NOS",25,35.426,3.5285,5,,""
"aFIN09B9QL01qQIiDmN6","PSW-Karkandu Vadai",false,false,"Sweet Piece",100,406.65,4.0665,"NOS",20,20.3325,4.9182,5,,""
"xqjLqRO0oHrcwsTrk5aH","PSW-Mavu Urundai",false,false,"Snacks",10,1738.408,173.8408,"KG",600,869.204,3.4514,5,,""
"sSHGrYqjjTJoPSTXNWqW","PULI KATTU",false,false,"Variety Rice",29.25,358.8822,12.2695,"KG",250,61.3475,20.3757,5,,""
"BLPDsuA2pko2N8iBH48A","Pacchadi - Cluster Beans ",false,false,"Pacchadi",12,807.34,67.2783,"KG",250,336.3915,3.7159,5,,"Hotbox: ID"
"72l8pawB6p4XTpakDexs","Pacchadi - Kovakkai Pacchadi",false,false,"Pacchadi",13.2,777.7894,58.9234,"KG",250,294.617,4.2428,5,,"Hotbox: HB"
"t5Mx3j3mVDWseffD4pwa","Pacchadi - Mango Salt",false,false,"Pacchadi",20,2249.812,112.4906,"KG",350,562.453,3.1114,5,,"Hotbox: ID"
"sQ7M3uYZrVbi4YYDwDX4","Pacchadi - Mango Salt, Sweet Pacchadi",false,false,"Pacchadi",20,2363.562,118.1781,"KG",350,590.8905,2.9616,5,,"Hotbox: ID"
"7LKA3fuMTCvrVOY83Sip","Pacchadi - Mango Sweet",false,false,"Pacchadi",13,2083.603,160.2772,"KG",500,801.386,3.1196,5,,"Hotbox: ID"
"WHWkuno52CsU5A1xP70k","Pacchadi - Pacchadi",false,true,"Pacchadi",10,340.0062,34.0006,"KG",0.01,170.003,0.0003,5,,""
"JQlerVYjQd6uJ3NLBZOK","Pacchadi - Pagarkai",false,false,"Pacchadi",12.25,611.7573,49.9394,"KG",350,249.697,7.0085,5,,"Hotbox: ID"
"zkGvGwhLMpHJDTY6jgwd","Pacchadi - Palak, Corn ",false,false,"Pacchadi",14,907.2131,64.8009,"KG",250,324.0045,3.858,5,,""
"EVhEKuneV2vmUVf4htZc","Pacchadi - Ridgegourd Pacchadi",false,false,"Pacchadi",16,743.2418,46.4526,"KG",250,232.263,5.3818,5,,"Hotbox: ID"
"NFfNxMYEuXBBp0rBjQfG","Pacchadi - Savandi",false,false,"Pacchadi",11.25,690.4211,61.3708,"KG",350,306.854,5.703,5,,"Hotbox: ID"
"TuJ1Zatv600zHf8jj565","Pacchadi - Sweet Pacchadi",false,false,"Pacchadi",10,652.978,65.2978,"KG",350,326.489,5.3601,5,,"Non Insulated: Thooku"
"rIATjj9n0dgU5voZTxCx","Pacchadi - Tomato Pachadi",false,false,"Pacchadi",12,540.2381,45.0198,"KG",250,225.099,5.5531,5,,""
"Y4O4ipJjfqFFiA9dkN1d","Pacchadi - Ugadhi",false,false,"Pacchadi",0.25,39.389,157.556,"KG",700,787.78,4.4429,5,,""
"FXVJD5LT2yr8B6VQOGK1","Pacchadi - Vellarikaai",false,false,"Pacchadi",10,547.506,54.7506,"KG",250,273.753,4.5662,5,,""
"ZWIO3Ncsg7G2884JenOV","Pacchadi - Vendaikkai, Sundaikkaai",false,false,"Pacchadi",10,658.206,65.8206,"KG",250,263.2824,3.7982,4,,"Hotbox: HB"
"NUzOabzcK45PqBzI7hrO","Pacchadi- Kathari,Malli",false,false,"Pacchadi",13.5,612.756,45.3893,"KG",250,219.5395,5.6937,5,,"Hotbox: HB"
"wxJgxjQL6WlhiBMU7QLp","Pacchadi- Kathari,Murungai",false,false,"Pacchadi",10,670.506,67.0506,"KG",250,335.253,3.7285,5,,"Hotbox: HB"
"A6572HTVY3TiKvRYomc6","Pacchadi- Kudaimilagai, Kondaikadalai",false,false,"Pacchadi",10,656.256,65.6256,"KG",250,254.5024,3.8095,4,,"Hotbox: HB"
"pbsL4mn4VKlwOoN6SYb9","Pacchadi- Tomato,Soyabeans Pacchadi",false,false,"Pacchadi",10,608.9015,60.8902,"KG",250,304.451,4.1058,5,,""
"ktHy5q2XQJOdYo7N3EjH","Pacchadi- Vendaikkai",false,false,"Pacchadi",12,667.8067,55.6506,"KG",250,278.253,4.4923,5,,"Hotbox: HB"
"89Gx6q1iOqr8vFbTs1mY","Pacchadi-Bajji Milagai",false,false,"Pacchadi",11,617.18,56.1073,"KG",250,285.5365,4.3777,5,,"Hotbox: HB"
"xOAysbW93e8x3IfvmyM2","Pacchadi-Kudai Milagai",false,false,"Pacchadi",11.75,719.6733,61.2488,"KG",250,306.244,4.0817,5,,"Hotbox: HB"
"XMyiaUtSCmlSijJzop1G","Pacchadi-Murungai,Soya Pachadi",false,false,"Pacchadi",10,648.906,64.8906,"KG",250,314.453,3.8526,5,,"Hotbox: HB"
"Y0RdTbOu378yj04s3c0X","Pacchadi-Senaikizhangu",false,false,"Pacchadi",10,868.5061,86.8506,"KG",250,347.4024,2.8785,4,,"Hotbox: HB"
"HCLTozI3ojwyAdsgiA8D","Pacchadi-Thakkali,Mulai Kattiya Payaru",false,false,"Pacchadi",10,628.9215,62.8922,"KG",250,314.461,3.9751,5,,""
"VVFKTiuJYXGQRRGtVKcE","Pacchadi-Vendaikkai,Soyabean",false,false,"Pacchadi",10,962.7654,96.2765,"KG",250,481.3825,2.5967,5,,""
"4WCbEb6s3tyOHF2N8hcI","Pacchadi-maaInji,Kondaikadalai,Kudai Milagai",false,false,"Pacchadi",10,669.006,66.9006,"KG",400,334.503,5.979,5,,"Hotbox: HB"
"iPUuujGrAZzLFTX2nuLD","Packing Cost",false,false,"Service Items",1,0,0,"NOS",13,0,0,5,,""
"jseH73AOuk43f1DsQLlc","Packing Work",false,false,"HOS",1,0,0,"NOS",0,0,0,5,,""
"nfMsv6KXzEeJ12Uam9iQ","PackingBoxes",false,false,"Service Items",7,7,1,"NOS",7,5,7,5,,""
"OmSBKZAs1L86PqRkjLbx","Pakoda - Moong Dal ",false,false,"Deep Fry",0.56,61.005,108.9375,"KG",600,544.6875,5.5077,5,,""
"evWJfxklUbWYqMlb6htN","Pakoda - Pumpkin",false,false,"Deep Fry",0.57,69.955,122.7281,"KG",0,613.6405,0,5,,""
"H85CNy2i3SRxwfHmPwVf","Paper Plate",false,false,"Service Items",1,0,0,"NOS",1.5,0,0,5,,""
"940zWCOB9ROrDlGc9GEX","Paper Roll",false,false,"Service Items",1,0,0,"NOS",1.25,0,0,5,,""
"QKymyjXRuQJZV9z6HkSf","Parata - Corn",false,false,"Parata",100,630.413,6.3041,"NOS",25,31.5205,3.9657,5,,"Non Insulated: Tray"
"SZntKKI9TIhJu18QiGYk","Parata - Gobi",false,false,"Parata",56,201.622,3.6004,"NOS",25,18.002,6.9437,5,,"Non Insulated: Tray"
"ow6dLkqsPn2aX9civJM0","Parata - Rajasthani Onion",false,false,"Piece Main Dish",20,99.694,4.9847,"NOS",40,24.9235,8.0246,5,,""
"pfOIvqvtxhIUuOxI6ah6","Parata- Palak Paratha",false,false,"Parata",92,237.105,2.5772,"NOS",18,12.886,6.9843,5,,""
"dzZvT70b5uR4JaQVSI45","Paratha - Aloo",false,false,"Piece Main Dish",10,0,0,"NOS",25,0,0,5,,""
"sWOeObqknrwKswibvsdD","Paratha - Paneer",false,false,"Parata",85,962.826,11.3274,"NOS",40,56.637,3.5313,5,,""
"BSretnK2OPppUKzO9UxM","Paratha - Plain",false,true,"Piece Main Dish",100,233.9825,2.3398,"NOS",0,11.699,0,5,,""
"ZWn6DAcS8nNmQXnle3zW","Paratha- Methi",false,false,"Parata",84,312.168,3.7163,"NOS",18,17.867,4.8435,5,,""
"aVFPAKUqZC1o5R4j8oBN","Paratha- Mint",false,false,"Piece Main Dish",415,1356.239,3.268,"NOS",25,16.34,7.6499,5,,""
"uztbgJ5pHDWllf6nVODZ","Paratha- Mixed Veg",false,false,"Parata",80,220.198,2.7525,"NOS",25,13.7625,9.0827,5,,""
"YQfGTXhRMe7gDYF7jIVU","Paratha-Omam",false,false,"Piece Main Dish",70,181.821,2.5974,"NOS",18,12.987,6.93,5,,"Hotbox: HB"
"iqnoWTrkvf4jy0eTrQ7j","Parruppu Nei",false,false,"Bulk Main Dish",1.5,95.99,63.9933,"LT",400,319.9665,6.2507,5,,"Non Insulated: Thooku"
"wpPwoh1DCZK8udqZ7fj2","Paruppu Nei (Toor Dal)",false,false,"Bulk Main Dish",2,111.448,55.724,"LT",250,278.62,4.4864,5,,"Non Insulated: Thooku"
"tiL1TC7pAyVqcgNpbRgV","Pasiparuppu Inippu Siyum",false,false,"Sweet Piece",100,770.6978,7.707,"NOS",25,38.535,3.2438,5,,""
"UzrLQnd5OGB2D3KwBSDH","Pasta - Fresh Cream Pasta",false,false,"Bulk Main Dish",30,4177.2,139.24,"KG",500,696.2,3.5909,5,,""
"9Qz2jnqmtpcYft3VigWE","Pasta - Masala",false,false,"Bulk Main Dish",1.1,85.73,77.9364,"KG",0,389.682,0,5,,""
"F3h2gwvudWBook5n2lTX","Pasta - Tomato Pasta",false,false,"Bulk Main Dish",0.7,59.488,84.9829,"KG",400,424.9145,4.7068,5,,""
"Wy8FwVNDJHkII3aNg5iU","Pasta-White",false,false,"Snacks",9,623.276,69.2529,"KG",0,346.2645,0,5,,""
"Aidv8zfnQoUPd2Tjs22r","Pazha Payasam (Mudhal Naal)",false,false,"Sweet Payasam",10,780.7592,78.0759,"LT",0.01,395.3795,0.0001,5,,""
"Imo6qDPcLOMhs5jeF3Fl","Pickle - Frresh Mango Pickle",false,false,"Pickle",5,1151.27,230.254,"KG",200,1151.27,0.8686,5,,""
"NREDkvR0yWlcud0I1MTv","Pickle - Mango Thokku",false,false,"Pickle",0.008,0,0,"KG",250,0,0,5,,""
"lXLn7bvB3AkeFFXg0vdx","Pickle Box",false,false,"Pickle",1,50,50,"KG",475,250,9.5,5,,""
"XD3m2xLYeu5hl9up7u4K","Pickle-Garlic Pickle",false,false,"Pickle",6.5,1212.2982,186.5074,"KG",750,952.21,4.0213,5,,""
"yHJ5OoKCOPLbXCkr62Af","Pickle-Onion Thokku",false,false,"Pickle",10,1140.65,114.065,"KG",500,570.325,4.3835,5,,""
"FPrCsHUymZIUupdJKbSa","Plain Chapathy",false,false,"Piece Main Dish",70,123.025,1.7575,"NOS",10,8.7875,5.6899,5,,"Hotbox: HB"
"qO3nN7fib18NuTvq8bjT","Plate- Pakku Mara Plate",false,false,"Service Items",100,450,4.5,"NOS",9,22.5,2,5,,""
"OqB0DBeIGuYYtlmyv2Lq","Plate-Sugarcane Plate",false,false,"Service Items",100,700,7,"NOS",10,35,1.4286,5,,""
"qQuI35nk29RKCgH1Lz7L","Podi - Andhra Paruppu Podi & Ghee",false,false,"Powder",10,9542.51,954.251,"KG",5000,4771.255,5.2397,5,,""
"wJ9cSGQNgoGg3BpXiedC","Podi - Ellu Podi",false,true,"Powder",0.46,50.882,110.613,"KG",0,553.065,0,5,,""
"kGM6L2VqTZoUBwLSbUhZ","Podi Mini Idly Tempering",false,true,"Piece Main Dish",500,120,0.24,"NOS",0,1.2,0,5,,""
"YlwdUhJlf7azLQTh97dn","Podi Yennai",false,false,"Powder",1,2.9579,2.9579,"NOS",7,14.7895,2.3665,5,,""
"4wQBszkhhV3fx3hpesQk","Podi for Curry",false,true,"Kara Poriyal",0.04,7.55,188.75,"KG",1,943.75,0.0053,5,,""
"iRGRvlKETNVy3DzQIStg","Podi-Idly Podi",false,true,"Powder",10,1315.88,131.588,"KG",0,657.94,0,5,,""
"WjYkHM2AlqKL6vWeVKTq","Poha - Cucumber, Mango Poha",false,false,"Bulk Main Dish",0.55,37.861,68.8382,"KG",600,344.191,8.7161,5,,""
"FJzL8aNKN3BYBp2HCZbX","Poha - Poha",false,false,"Bulk Main Dish",11.5,637.6598,55.4487,"KG",300,277.2435,5.4104,5,,"Hotbox: HB"
"ylNoxWuEZT1Bxy0v69c9","Poha - Veg",false,true,"Bulk Main Dish",21.5,263.3,12.2465,"KG",0.01,61.2325,0.0008,5,,""
"30vLlYRiy6idkzmKIEw7","Pongal (WOG)",false,false,"Bulk Main Dish",10.6,269.026,25.3798,"KG",60,127.5125,2.3527,5,,"Hotbox: HB"
"ZzaaU8fbZTlAWmJGOVaS","Pongal - Ainthu Arisi pongal",false,false,"Bulk Main Dish",10,498.635,49.8635,"KG",350,249.3175,7.0192,5,,"Hotbox: HB"
"a6Vtdl1oEEjvIMfM1rB2","Pongal - Kuthiraivali Pongal",false,false,"Bulk Main Dish",9,606.5205,67.3912,"KG",350,337.678,5.1936,5,,"Hotbox: HB"
"d5UtYdLHsiJhohLNYfv8","Pongal - Masala Pongal",false,false,"Bulk Main Dish",10,549.1666,54.9167,"KG",300,274.5835,5.4628,5,,"Hotbox: HB"
"XzKBuJ92HXFSKjVgGrCf","Pongal - Rava Pongal",false,false,"Bulk Main Dish",50.2,1902.84,37.9052,"KG",250,189.526,6.5954,5,,"Hotbox: HB"
"15edtVuUYb6OigFYODzu","Pongal - Thinai Pongal",false,false,"Bulk Main Dish",9,576.6105,64.0678,"KG",350,320.339,5.463,5,,"Hotbox: HB"
"GFGEuao8hxZouNB85hi6","Pongal - Veg. Rava Pongal",false,false,"Bulk Main Dish",10,561.9343,56.1934,"KG",300,280.967,5.3387,5,,"Hotbox: HB"
"Lk8T4KBH2UzPvr1U4qky","Pongal - Vegetable Kuthiraivali Pongal",false,false,"Bulk Main Dish",10,832.2056,83.2206,"KG",450,416.103,5.4073,5,,"Hotbox: HB"
"jIlbWY2S6cKA5uUGuh5g","Pongal - Vegetable Pongal",false,false,"Bulk Main Dish",10,682.4067,68.2407,"KG",400,341.2035,5.8616,5,,"Hotbox: HB"
"VTAmAbM1VYoTr5ZyfjtU","Pongal - kattuyanam",false,false,"Bulk Main Dish",10,584.1688,58.4169,"KG",200,234.6036,3.4237,4,,"Hotbox: HB"
"dovlemm93BW31ZYZqSRK","Pongal-Company Pongal",false,false,"Bulk Main Dish",11,344.538,31.3216,"KG",150,156.608,4.789,5,,"Hotbox: HB"
"THByMa5OFmvQXh8IdFdF","Pongal-Pongal",false,false,"Bulk Main Dish",10,483.3472,48.3347,"KG",300,241.6735,6.2067,5,,"Hotbox: HB"
"koLvkcAtmmcK0MQ0UWIj","Poori - Ajwain Poori",false,false,"Piece Main Dish",10,25.5506,2.5551,"NOS",18,12.7755,7.0447,5,,""
"nv7GoDMEkbIyCX7Plxtb","Poori - Palak Poori",false,false,"Piece Main Dish",100,285.966,2.8597,"NOS",20,14.2985,6.9937,5,,"Non Insulated: Tray"
"PvwUmo2zSWD5nEeF5m4I","Poori- Mint Poori",false,false,"Piece Main Dish",100,277.441,2.7744,"NOS",0,13.872,0,5,,""
"ckQZQU5gQpYaOKJrjUmi","Poori- Pumpkin Poori",false,false,"Piece Main Dish",100,202.775,2.0277,"NOS",18,10.1385,8.8771,5,,""
"bnt5dRKDdiWgaDOQVMCQ","Portion Meal Tray",false,false,"Service Items",1,12,12,"NOS",14,60,1.1667,5,,""
"ylgZwV9BbvsjtcDai4zs","Puliyodharai Podi",false,true,"Variety Rice",6.25,9.88,1.5808,"KG",0,8.528,0,5,,""
"GnYUrGaS3cRahnAYyLf8","Puttu - Chinna Cholam (Sugar)",false,false,"Sweet Bulk",10.7,1416.407,132.3745,"KG",600,661.8725,4.5326,5,,""
"obaLwNxYY8vJMjFKaBuS","Puttu - Chinna Cholam Puttu",false,false,"Sweet Bulk",4.3,553.49,128.7186,"KG",600,643.593,4.6613,5,,""
"DVV3P3jBBNQ5WCGgDIDm","Puttu - Kambu Puttu",false,false,"Sweet Bulk",0.425,39.3245,92.5282,"KG",650,462.641,7.0249,5,,""
"JI6bin2u3pROVF5lqGJO","Puttu - White Urad Dhal",false,false,"Sweet Bulk",0.35,53.38,152.5143,"KG",500,762.5715,3.2784,5,,""
"znntYLkGFWVFvPcPs5mn","RICE KANJI",false,false,"HOS",10,20,2,"NOS",50,10,25,5,,""
"qTb4Io6v1k9JepNN1Ox3","Raita - Beetroot Raita",false,false,"Raita",10,619.78,61.978,"KG",0,309.89,0,5,,""
"NVPJC6PhtRx50GhYLKRM","Raita - Company Thair Pacchadi",false,false,"Raita",10,379.6723,37.9672,"KG",0,189.836,0,5,,"Hotbox: HB"
"L6pp87AJwEQelQJwOCMm","Raita - Keerai",false,false,"Raita",10,489.99,48.999,"KG",300,244.995,6.1226,5,,""
"T5NCs1moozKPbRa7XyiX","Raita - Mixed Veg",false,false,"Raita",8,476.564,59.5705,"KG",0,297.8525,0,5,,"Non Insulated: Thooku"
"GeEnyzHD41p9djZIQBBo","Raita - Onion Thayir Pachadi",false,false,"Bulk Main Dish",10,631.96,63.196,"KG",0,315.98,4.9845,5,,"Non Insulated: Thooku"
"6TJyExVWp3TJqzCVbll0","Raita - Vendakaai Thayir Pachadi",false,false,"Raita",0.5,29.123,58.246,"KG",250,291.23,4.2921,5,,""
"0C1NAe6LimXukMtpSWHX","Raita- Boondhi Raita",false,false,"Raita",4.5,221.6895,49.2643,"KG",0,246.3215,0,5,,""
"FNKDOjllBnJUjtZEfVtf","Raita-Boondhi Raita பூன்தி",false,true,"Raita",3,57.555,19.185,"KG",0,95.925,0,5,,""
"JDP2n2Cwit4jHCaSkRMC","Rangoli Mini Idly Beetroot",false,false,"Piece Main Dish",60,22.4067,0.3734,"NOS",15,1.882,40.1714,5,,""
"y7pwxuB3LrlgUDZY2JDw","Rangoli Mini Idly Green",false,false,"Piece Main Dish",90,34.5584,0.384,"NOS",15,1.92,39.0625,5,,""
"6wR19fZt1irdClTDhlg2","Rangoli Mini Idly Palak",false,false,"Piece Main Dish",90,28.8019,0.32,"NOS",15,1.6,46.875,5,,""
"YrdB4SCDeTlvh8HEkVJt","Rangoli Mini Idly Tomato",false,false,"Piece Main Dish",90,45.3926,0.5044,"NOS",15,2.522,29.7383,5,,""
"YEmGYqi4vDM49zMQ9XfD","Rasam - Beetroot Rasam",false,false,"Rasam",10,343.7874,34.3787,"LT",180,188.994,5.2358,5,,"Hotbox: HB"
"qsXsdeZeamm4CXek4Ght","Rasam - Ginger Rasam",false,false,"Rasam",1.5,32.9933,21.9955,"KG",400,118.6445,18.1855,5,,""
"Y0FytKXXLf4OhhupBTpI","Rasam - Hara",false,false,"Rasam",15,288.0724,19.2048,"KG",250,96.024,13.0176,5,,""
"3oF8pxwkJvVKc3HGAJ4l","Rasam - Kalyana Veetu Rasam",false,false,"Rasam",1.5,30.3884,20.2589,"LT",0,106.2945,0,5,,""
"ybuqjTTtKrapU0BJTeUm","Rasam - Nellikaai",false,false,"Rasam",13,338.8633,26.0664,"LT",150,138.0245,5.7545,5,,"Hotbox: HB"
"jZ5xlOPeyWdXKSuVsjB5","Rasam - Ponnanganni Keerai Rasam",false,false,"Rasam",10,266.8504,26.685,"KG",180,133.425,6.7454,5,,""
"EPS1zTcMgkwZPs1xPyCN","Rasam - Poondu Rasam",false,false,"Rasam",12,273.3859,22.7822,"LT",180,113.911,7.9009,5,,"Hotbox: HB"
"Pp8uUNPiz5pZ0cD0kJD2","Rasam - Rasam",false,false,"Rasam",10,314.9008,31.4901,"LT",180,157.4505,5.7161,5,,"Hotbox: HB"
"1l17uK6zEIea5iqsoNCC","Rasam- Elumichai Rasam",false,false,"Rasam",10,242.7138,24.2714,"LT",180,121.357,7.4161,5,,"Hotbox: HB"
"oTO8R7jAmwZok9ZNzJ2b","Rasam- Maangaai Rasam",false,false,"Rasam",10,379.53,37.953,"KG",180,189.765,4.7427,5,,""
"FovyzmvmG2AJ8yS5VHNT","Rasam- Malli Rasam",false,false,"Rasam",10,252.4464,25.2446,"KG",180,126.223,7.1302,5,,""
"9b9syTBuI6oMuIrzqLE9","Rasam- Mulaikkattiya Kollu Rasam",false,false,"Rasam",10,170.098,17.0098,"KG",180,85.049,10.5821,5,,""
"lIhXybpRQyaGlIVpZh6m","Rasam- Mysore Rasam",false,false,"Rasam",16,355.7697,22.2356,"KG",180,111.178,8.0951,5,,"Hotbox: ID"
"Lh72q38uzwta8sbCJQo5","Rasam- Omam Rasam",false,false,"Rasam",10,225.5627,22.5563,"KG",180,112.7815,7.98,5,,""
"aGRZIQBgV2IY33Iwoc7c","Rasam- Pudina Rasam",false,false,"Rasam",10,245.741,24.5741,"KG",180,122.8705,7.3248,5,,""
"7k5cYzitfpW2Zh0PdFJZ","Rasam-Kollu Rasam",false,false,"Rasam",5,108.7371,21.7474,"KG",180,108.737,8.2769,5,,"Hotbox: ID"
"7heuemJVssaokK7hT70b","Rasam-Mangai RAsam Aravai",false,true,"Rasam",10,13.33,1.333,"KG",0,6.665,0,5,,""
"GlRlfh7sSaOEusnkR3QD","Rasam-Mangai Rasam Thalip[pu",false,true,"Rasam",10,31.16,3.116,"KG",0,15.58,0,5,,""
"Ia2yJmeuV4qogSrzKvvv","Rasam-Mysore Rasam Podi",false,true,"Rasam",10,40.93,4.093,"KG",0,18.805,0,5,,""
"YKk5SksdbwC7QAdpqEgs","Rasam-Pineapple Rasam",false,false,"Rasam",10,451.5567,45.1557,"KG",300,225.7785,6.6437,5,,""
"LRTOwkZLELhky2zHOdn6","Rasamalai",false,false,"Sweet Bulk",100,6500,65,"NOS",65,0,1,5,,""
"UnQPviKeovRj4ueEvORO","Rice - Online Ponni",false,false,"Bulk Main Dish",3.9,61,15.641,"KG",85,78.205,5.4344,5,,"Hotbox: HB"
"QAjKWeDegnNhu0emaROZ","Rice - Ponni Boiled Rice",false,false,"Bulk Main Dish",3.9,61,15.641,"KG",85,78.205,5.4344,5,,"Hotbox: HB"
"lHPup14NeataQ0GT8rjW","S S Plate",false,false,"Service Items",100,500,5,"NOS",5,0,1,5,,""
"5K0cn24r2hBWJNmcSyGQ","SW - PS - Laddu",false,false,"Sweet Piece",100,434.2318,4.3423,"NOS",12,21.7115,2.7635,5,,"Non Insulated: Tray"
"syMQ2Od7aLkcWF85L5x3","SW -BS - Kavuni Arisi",false,false,"Sweet Bulk",1.8,169.9,94.3889,"KG",500,471.9445,5.2972,5,,"Hotbox: HB"
"SJb7Kfd0xAtoACBddEGB","SW BS Kummayam",false,false,"Sweet Bulk",10.2,2387.7849,234.0966,"KG",810,1170.483,3.4601,5,,""
"UVfzc1m1WiDUIirEtNdF","SW-BS - Kesari",false,false,"Sweet Bulk",2.7,297.93,110.3444,"KG",600,551.722,5.4375,5,,"Hotbox: HB"
"0pkXZnGkiPTp6HpTUHUU","SW-BS - Pineapple Kesari",false,false,"Sweet Bulk",3,394.635,131.545,"KG",600,657.725,4.5612,5,,"Hotbox: HB"
"qLAsP34h0589CCu5Qn0I","SW-BS - Pineapple Kesari (Prepared)",false,false,"Sweet Bulk",1,0,0,"KG",0,0,0,5,,""
"YTABVKL5yleM7IMnqv4f","SW-BS - Puttu Tempering",false,true,"Sweet Bulk",10,114,11.4,"KG",0.01,57,0.0009,5,,""
"50tBSX8ZXMxDNMlGqhsZ","SW-BS Kummayam Mavu",false,true,"Sweet Bulk",1.4,194,138.5714,"KG",0,692.857,0,5,,""
"phgoESGa3HMol1s78wAu","SW-BS- Fruit Kesari",false,false,"Sweet Bulk",3.25,335.622,103.2683,"KG",600,516.3415,5.8101,5,,"Hotbox: HB"
"jZq9cjAF7ePQMskj0XBq","SW-BS-Basundhi",false,false,"Sweet Bulk",10,2168.8,216.88,"KG",1000,1072.4,4.6108,5,,""
"DZeJPJbRHMaUh35sJAF8","SW-BS-Fruit Custard",false,false,"Sweet Bulk",1.2,125.63,104.6917,"KG",500,523.4585,4.7759,5,,""
"kGOEzrzjw0BZ53Khe9d7","SW-BS-Karuppatti Ukkarai",false,false,"Sweet Bulk",9.5,2314.425,243.6237,"KG",956.25,1218.1185,3.9251,5,,"Hotbox: TC"
"2ZgZlmajsuq1P099OXv5","SW-BS-Kavuni Arisi 2",false,false,"Sweet Bulk",1.8,169.9,94.3889,"KG",500,471.9445,5.2972,5,,"Hotbox: HB"
"NSlvWgXT3otTZqBB5HpH","SW-BS-Paal Kozhukattai",false,false,"Sweet Bulk",100,335.57,3.3557,"NOS",30,16.7785,7.45,5,,""
"NSZHqxuxk9fpc4VZq12f","SW-BS-Phirni",false,false,"Sweet Bulk",10,732.5,73.25,"KG",500,366.25,6.8259,5,,""
"AKN4JNIzkQK9RxTWJ1eO","SW-BS-Pineapple Kavuni Arisi",false,false,"Sweet Bulk",1.1,145.5075,132.2795,"KG",600,645.034,4.5359,5,,""
"QTagUkdZ3cb1WlJKarWk","SW-BS-Ragi Puttu",false,false,"Sweet Bulk",10,1096.1032,109.6103,"KG",600,548.0515,5.4739,5,,""
"0uGxvEZ7FxsJ5Ivjmr6I","SW-BS-Sweet Sevai Keppai (Sugar)",false,false,"Sweet Bulk",35.5,3988.28,112.3459,"KG",500,476.5465,4.4505,5,,""
"mC8ywGlUVkTGVGbn8Q91","SW-BS-Sweet Sevai Thinai",false,false,"Sweet Bulk",0.225,29.358,130.48,"KG",500,688.4,3.832,5,,""
"GxuaWruTSoBtvPaWZQeM","SW-BS-Sweet Sevai Varagu",false,false,"Sweet Bulk",5.2,705.9,135.75,"KG",500,678.75,3.6832,5,,""
"j7ajkun0HEHz7njephAy","SW-BS-Sweet Sevai Wheat",false,false,"Sweet Bulk",0.5,66.412,132.824,"KG",500,664.12,3.7644,5,,""
"0MZstKPC1fhPVvDZeiPW","SW-BS-Sweet Sevau Keppai",false,false,"Sweet Bulk",0.28,33.928,121.1714,"KG",500,605.857,4.1264,5,,""
"M0bqo5I34DnfJJT8XNs4","SW-BS-VELLAI KAVUNI ARISI",false,false,"Sweet Bulk",1.1,122.4675,111.3341,"KG",500,556.6705,4.491,5,,""
"6XzG3EbaN2zgmnd2gfKv","SW-BS-Wheat Halwa",false,false,"Sweet Bulk",10,1594.16,159.416,"KG",700,797.08,4.391,5,,""
"BSuEpt0ctZc22CCWoEKg","SW-PS - KAAJU KATHLI",false,false,"Sweet Piece",1,0,0,"NOS",30,0,0.01,5,,""
"Rwuchvyxz67dUfr3Wpj9","SW-PS - Kaju Kathli",false,false,"Sweet Piece",100,1200,12,"NOS",30,60,2.5,5,,""
"lnoDPwocSL5CpnRYD8UX","SW-PS - Rasmalai",false,false,"Sweet Piece",100,1833.28,18.3328,"NOS",30,90.764,1.6364,5,,""
"9E8IkZQoRppNhLgu35wz","SW-PS- Coconut Burfi",false,false,"Sweet Piece",10,1146.603,114.6603,"KG",0,573.3015,0,5,,""
"f8NjwRzi0VAkDZ51VMun","SW-PS- Paal Paniyaaram",false,false,"Sweet Piece",100,747.0532,7.4705,"NOS",48,37.3525,6.4253,5,,"Non Insulated: BD"
"KLCMlgkWZmNUMxZRfx3t","SW-PS- Paal Paniyaram ONLY",false,false,"Sweet Piece",100,205.0032,2.05,"NOS",0.001,10.25,0.0005,5,,"Non Insulated: BD"
"41qIv8hFmTjT821t7eVY","SW-PS-Dry Fruit Laddu",false,false,"Sweet Piece",0.3,240.577,801.9233,"KG",2100,4009.6165,2.6187,5,,""
"9Ro1g3NQo8uXtv4g0UfW","SW-PS-Karupatti Kaaju Kathli",false,false,"Sweet Piece",1,30,30,"NOS",39.75,150,1.325,5,,""
"ynKaoIxeS2pSDOfpS41e","SW-PS-LADDU NEW",false,false,"Sweet Piece",80,407.6696,5.0959,"NOS",15,25.4795,2.9435,5,,""
"eZWM6cQzIQif66WRtCPI","SW-PS-MINI JAMUN",false,false,"Sweet Piece",100,233.64,2.3364,"NOS",10,11.682,4.2801,5,,""
"ELFmF8BpYxkWrMael4tP","SW-PS-Order Gulaub Jamun",false,false,"Sweet Piece",20,107.76,5.388,"NOS",30,26.94,5.5679,5,,""
"CIuMpd5bX5zq5d06Uxrs","SW-PS-Paal Paniyaara Badam paal",false,true,"Sweet Piece",5,392.05,78.41,"KG",0,392.05,0,5,,"Hotbox: TC"
"kyGQqEla6v5b9CI840mZ","SW-PS-Paal Paniyaaram Mavu",false,true,"Sweet Piece",1.8,47.244,26.2467,"KG",0,131.2335,0,5,,""
"PV9FVaLxiys8Cexyxnfd","SW-PS-Raagi Laddu",false,false,"Sweet Piece",0.5,46.725,93.45,"KG",400,467.25,4.2804,5,,""
"JYdzpguhK3NCK91eIvhW","SW-PS-Shahi Tukda",false,false,"Sweet Piece",100,799.06,7.9906,"NOS",30,39.953,3.7544,5,,""
"a0iuelY3Sztwp1OdKfWo","SW-PS-Shahi Tukda Rabri",false,true,"Sweet Piece",100,204.354,2.0435,"NOS",0.01,10.2175,0.0049,5,,""
"Vw7BEup7DU4OkiOQjszX","Salad - Kosambari",false,false,"Salad",1,49.599,49.599,"KG",250,247.995,5.0404,5,,""
"xUDlylW6tIHvSeonyOjp","Salad - Masala Sweet Corn Salad",false,false,"Salad",23,2615.775,113.7293,"KG",500,568.6465,4.3964,5,,""
"OeOZve2vMS6BZD5HOIm0","Salad - Sweet Corn Salad",false,false,"Salad",9.25,1204.72,130.24,"KG",500,651.2,3.8391,5,,""
"yfiG5fV0yfzaNKn4I7Mw","Salad-Green Salad",false,false,"Salad",1,45.5,45.5,"KG",125,227.5,2.7473,5,,""
"1TbybYNkopeKCiBqRJkz","Sambar - Avarakkai Sambar",false,false,"Sambar",24,1015.7454,42.3227,"KG",250,211.6135,5.907,5,,"Hotbox: ID"
"O1OmxTjLXcTprLMz2PNp","Sambar - Beans Sambar",false,false,"Sambar",10,382.7424,38.2742,"LT",250,191.371,6.5318,5,,"Hotbox: ID"
"BolAiApf0u9TwKf70tei","Sambar - Carrot",false,false,"Sambar",10,370.0224,37.0022,"KG",200,185.011,5.4051,5,,""
"vSzVnCPCgPETx6gZGKt8","Sambar - Kalyana Sambar Mixed Veg",false,true,"Sambar",10,101.188,10.1188,"LT",0,50.594,0,5,,"Hotbox: ID"
"9Hzx8FspSTCCHed6Bxz0","Sambar - Kalyana Sambar Thalippu",false,true,"Sambar",10,25.674,2.5674,"LT",0,12.837,0,5,,"Hotbox: ID"
"yjNEJBTeuq2pQPN7Ezge","Sambar - Kalyanan Sambar Aravai",false,true,"Sambar",6.5,38.41,5.9092,"LT",0,29.546,0,5,,"Hotbox: ID"
"yLEORn9q1zHhgG3DcFCS","Sambar - Mullangi Sambar",false,false,"Sambar",10.75,442.3028,41.1445,"LT",200,205.7225,4.8609,5,,"Hotbox: ID"
"HZ5uIWWFH6VMN1W0BmPg","Sambar - Murungaikaai, Kudamilagaai",false,false,"Sambar",10,423.544,42.3544,"KG",250,211.772,5.9026,5,,""
"ROoE55p8ztmrNZlF8oYn","Sambar- Andhra Sambar",false,false,"Sambar",10,349.6189,34.9619,"KG",200,174.8095,5.7205,5,,""
"efdiPkHoo50DPsRli9A1","Sambar- Andhra Sambar Aravai",false,true,"Sambar",10,92.782,9.2782,"KG",0,43.171,0,5,,""
"25Wap8GcDImS3f0eW1hZ","Sambar- Katharikkai sambar",false,false,"Sambar",7.5,283.2293,37.7639,"KG",250,190.8195,6.5507,5,,"Hotbox: ID"
"qEH5EB1wo5WcWSbtG2wE","Sambar- Kathirikai,Murungaikai Sambar",false,false,"Sambar",13,495.8091,38.1392,"LT",250,190.696,6.5549,5,,"Hotbox: ID"
"y2YlZL3Gh12rPmuiToR0","Sambar- Kudaimilagai Sambar",false,false,"Sambar",10,404.4904,40.449,"KG",250,202.245,6.1806,5,,""
"0cWtOaPE1v3e8VXQsPiZ","Sambar- Poosani Sambar",false,false,"Sambar",12.3,478.4623,38.8994,"KG",250,191.2255,6.4268,5,,""
"zMNU6EyuzWaGtOtGVYfN","Sambar- Vendaikai Sambar",false,false,"Sambar",10,372.8084,37.2808,"LT",250,172.004,7.2673,5,,"Hotbox: ID"
"5GqcS50znLb4Roz7gUPn","Sambar-Carrot, Murungai Sambar",false,false,"Sambar",10,424.4949,42.4495,"LT",250,212.2475,5.8894,5,,"Hotbox: ID"
"P8394dL031pjSAlQZmfV","Sambar-Chow Chow Sambar",false,false,"Sambar",10,463.358,46.3358,"KG",250,231.679,5.3954,5,,""
"xdO1pwpMpPgDzDDHWs5h","Sambar-Kalyana Sambar Pala Kai",false,false,"Sambar",12,415.2112,34.6009,"KG",200,173.0045,5.7802,5,,""
"8DpfYC6PHqYFKYxAQ4kV","Sambar-Kalyana Sambar Poosani",false,false,"Sambar",29,971.4539,33.4984,"KG",200,167.492,5.9704,5,,""
"Xw5hsCRm43FN9FjucvhO","Sambar-Katharikkai,Poosani Sambar",false,false,"Sambar",13,419.4262,32.2636,"LT",200,161.318,6.1989,5,,"Hotbox: ID"
"yY2fBJHznNNBnBoCJc1p","Sambar-Mulai Keera Sambar Aravai",false,true,"Sambar",10,56.058,5.6058,"KG",0,28.029,0,5,,""
"nynfpTwahEexKXg8mk7N","Sambar-Mulai Keerai Sambar",false,false,"Sambar",11.5,417.4373,36.2989,"KG",200,181.4945,5.5098,5,,""
"SlsbyLlFBKp1miuw6b93","Sambar-Murungai kai Sambar",false,false,"Sambar",10,443.7648,44.3765,"KG",250,221.8825,5.6336,5,,""
"KZVwcQeuWKdCeSPzCYNz","Sambar-Pala kaai Sambar(No Kathiri)",false,false,"Sambar",11,463.2478,42.1134,"KG",250,210.567,5.9364,5,,"Hotbox: ID"
"3P7wfpCBNUus3ucLFEkO","Sambar-Pappu Charu",false,false,"Sambar",68,2908.4132,42.7708,"KG",250,213.854,5.8451,5,,""
"IbE2CQkdQo5Kd4cth5u4","Sambar-Pappu Charu Thalippu",false,true,"Sambar",0.85,1.32,1.5529,"KG",0,7.7645,0,5,,""
"n0s4KHgB6lSjbPrGaAWr","Sambar-Suraikkai Sambar",false,false,"Sambar",10,321.5224,32.1522,"KG",200,162.561,6.1515,5,,""
"tcFGMEEbFoBCVFrPCi0G","Sambar-Vazhaithandu Sambar",false,false,"Sambar",10.75,364.3714,33.895,"LT",250,169.475,7.3757,5,,"Hotbox: ID"
"DIjc1mcW0GlLmjf22zEZ","Sauce - Schezwan",false,true,"Noodles and Sauce",1.15,113.802,98.9583,"KG",1,494.7915,0.0101,5,,""
"hxby2K4IdF4Ac91DH0Qp","Sauce - Sweet Chilly Sauce",false,true,"Noodles and Sauce",0.6,13.175,21.9583,"KG",0,109.7915,0,5,,""
"GGQsFiuibRFHYah914eJ","Sauce Packet",false,false,"Starter",10,0,0,"NOS",0,0,0,5,,""
"ry7exmXIG1FuYruFPysa","Sauce-Tomato Sauce",false,false,"Noodles and Sauce",10,600,60,"KG",0,300,0,5,,""
"1QFxHzAO9XMHgWkuEXXv","Service Accessories",false,false,"Service Items",1,0,0,"NOS",100,0,0,5,,""
"xpIauWzw2hivwuGxcxS8","Service Vessels",false,false,"Service Items",1,0,0,"NOS",500,0,0,5,,""
"F6fWceY0Vq4Cot6xsHg2","Serving Persons",false,false,"Service Items",1,0,0,"NOS",500,0,0,5,,""
"qcBeeGl3kyfoKZLJjmDh","Snack - Boondhi Mixture",false,true,"Snacks",10,157.32,15.732,"KG",0.01,78.66,0.0006,5,,""
"23jhaLagBNlqzcMaU54R","Snack - Mixture",false,false,"Snacks",10,1965.933,196.5933,"KG",560,982.9665,2.8485,5,,""
"vwzCYFwj2MdXQyr684zI","Snack-Ribbon Pakoda",false,false,"Snacks",10,1464.6776,146.4678,"KG",600,732.339,4.0965,5,,""
"Cf06jGbDpwFHSlRB6EQM","Snacks - Pori Kadalai",false,false,"Soup",3.9,679.278,174.1738,"KG",300,870.869,1.7224,5,,""
"pA5ri18W8fSI4IGpPniB","Snacks-Thattai",false,false,"Snacks",100,184.762,1.8476,"NOS",8,9.238,4.3299,5,,""
"2BmbQWWIj1zDk3WFcMPx","Soup - Broccoli Soup",false,false,"Soup",6,441.46,73.5767,"KG",500,367.8835,6.7956,5,,""
"16FuonXFH5PoKrfyP5DP","Soup - Cauliflower Soup",false,false,"Soup",6,170.6504,28.4417,"LT",150,142.2085,5.2739,5,,"Hotbox: ID"
"XVxwIMQlK1XKubOAvwCV","Soup - Cream of Tomato",false,false,"Soup",10,598.066,59.8066,"KG",200,299.033,3.3441,5,,""
"JGYHlHp3waWVmxZyV3Wu","Soup - Kaai Soup",false,false,"Soup",2,75.8284,37.9142,"KG",250,189.571,6.5938,5,,""
"1WpvzBe8uIBHioMZKiqD","Soup - Millet Hot and Sour",false,false,"Soup",3.3,91.218,27.6418,"KG",250,138.209,9.0443,5,,""
"OV6V6ahvDs5gsErsBPp0","Soup - Minstrone",false,false,"Soup",10,365.683,36.5683,"KG",150,146.2732,4.1019,4,,"Hotbox: ID"
"AYMQDqQzwVRAbzLRPnbx","Soup - Ragi",false,false,"Soup",2,30.64,15.32,"KG",175,76.6,11.423,5,,""
"SiD9TPYs6kSXbfcDKf9D","Soup - Stock Water",false,true,"Soup",1,10.305,10.305,"KG",0,51.525,0,5,,""
"7yt4HQwdxY2regVh0Wan","Soup- Babycorn Chettinad Soup",false,false,"Soup",10,336.6507,33.6651,"KG",150,168.3255,4.4557,5,,""
"PWRNmgvOP7kOB3Dp4MsG","Soup- Chettinad Soup Base",false,true,"Soup",10,240.723,24.0723,"KG",0,120.3615,0,5,,""
"kkdBQKKzOnFWcgtBhkWy","Soup- Chettinad Tomato Soup",false,false,"Soup",10,240.723,24.0723,"KG",150,120.3615,6.2312,5,,""
"oo34If3wyhFKUfKLs8D4","Soup- Cream Of Vegetable Soup",false,false,"Soup",10,520.58,52.058,"KG",200,260.29,3.8419,5,,""
"pgx10LcYLJfzOhQ1Z6jK","Soup-Sweet Corn Soup",false,false,"Soup",10,338.04,33.804,"KG",175,169.02,5.1769,5,,""
"pLjwXNy5FTTwO4IhrwZz","Sowcarpet Sweet",false,false,"Sweet Piece",1,0,0,"NOS",15,0,0,5,,""
"kbDmJEPVecMvYfw7jXBw","Spoon",false,false,"Service Items",100,0,0,"NOS",1.5,0,0,5,,""
"bU1EjSYMi9t8OkRPOpeX","Sprouts to Soak",false,false,"Preparation",5,505,101,"KG",0,505,0,5,,""
"qMDr6z7u8dcGxOJquWEx","Staff  இட்லி",false,false,"Piece Main Dish",1,0.05,0.05,"NOS",0.001,0,0.02,5,,""
"oE42zs5dAgepglVctQsS","Staff Chutney",false,false,"Service Items",10,0,0,"KG",0.02,0,0,5,,""
"T21i0RX7uF0vZFZGp5D9","Staff Dosai",false,false,"Dosa",100,0.05,0.0005,"NOS",0,0.0025,0,5,,""
"z1HTI7a4m5a6arsnxIv6","Staff Idly",false,false,"Service Items",100,100,1,"NOS",0.001,5,0.001,5,,""
"WLRG4vauEZdD9sy0FtZu","Staff Kuzhambu",false,false,"Kara Kozhambu",1,0,0,"KG",0.01,0,0,5,,""
"rvKQmBeeZWmVKIKApxsj","Staff Old Mini Idly",false,false,"Service Items",100,100,1,"NOS",0.001,5,0.001,5,,""
"5q8wu9134E2cWe466ftb","Staff Tiffin Sambar",false,false,"Sambar",1,0,0,"LT",0,0,0,5,,""
"BfISEVV7TDZN0W4392sa","Staffs Tea",false,false,"Hot Beverage",10,405.3,40.53,"KG",270,202.65,6.6617,5,,"Hotbox: ID"
"NUtEz2xBZnSdd3kn571u","Starter - Baby Corn Pepper Fry",false,false,"Starter",9,2188.264,243.1404,"KG",900,1215.702,3.7016,5,,""
"j53RZImj3j6sIbWiIEEe","Starter - Babycorn Pepper Fry Maavu",false,true,"Starter",10,74.148,7.4148,"KG",0.01,37.074,0.0013,5,,""
"yPBPQzMpBUmoMM3mlrcI","Starter - Cauliflower Fry",false,false,"Starter",0.25,40.4035,161.614,"KG",825,808.07,5.1048,5,,""
"xSlKXr7zpvHIqg0VyHhD","Starter - Cheesy Corn Nuggets",false,false,"Deep Fry",100,607.5,6.075,"NOS",25,30.375,4.1152,5,,""
"9uaiJTQEytRzX1w9MiMv","Starter - Chesse Corn Nuggets",false,false,"Starter",20,151.261,7.563,"NOS",35,37.815,4.6278,5,,""
"cDGgJ9unfSZ8ZntnZcIW","Starter - Chilly Babycorn",false,false,"Starter",10,1051.2,105.12,"KG",500,420.48,4.7565,4,,""
"axla3apZvju4TGA9VWLD","Starter - Gobi Pepper Fry",false,false,"Starter",10.5,1346.899,128.2761,"KG",900,641.3805,7.0161,5,,""
"UcZpPBc5xHtg4ceIl59S","Starter - Honey Chill Potato",false,false,"Starter",3,435.133,145.0443,"KG",750,725.2215,5.1708,5,,""
"JHYgZPZSQQMksOH6IjS6","Starter - Kung Pao Veg Balls",false,false,"Starter",100,238.302,2.383,"NOS",10,11.915,4.1964,5,,""
"pvvBiPIb2rNgOxdv36p6","Starter - Kung Pao Veg Balls Gravy",false,true,"Starter",100,106.865,1.0686,"LT",0.001,5.343,0.0009,5,,""
"rpq95vFc0bZscCiNTErF","Starter - Paneer 65",false,false,"Starter",4,2295.9081,573.977,"KG",1615,2869.885,2.8137,5,,""
"6G9LPUVbDa5hFFMFLM4P","Starter - Paneer Fingers",false,false,"Starter",3,1135.341,378.447,"KG",1615,1892.235,4.2674,5,,""
"JRP9d1H2rSwzOR9sTWAO","Starter - Paneer Koftha",false,true,"Starter",100,471.973,4.7197,"NOS",0.01,23.5985,0.0021,5,,""
"nr9eN8EtUQNvWWaVOfEo","Starter - Paneer, Peas Koftha",false,false,"Starter",100,819.1,8.191,"NOS",20,32.764,2.4417,4,,"Non Insulated: Tray"
"6zYmLxNVQ6N6MTmP8hIx","Starter - Paneer, Sweet Corn Koftha",false,false,"Starter",100,539.12,5.3912,"NOS",20,26.956,3.7097,5,,"Non Insulated: Tray"
"hY8VQcXcYbDyurNoNkqd","Starter- Cauliflower Fry Batter",false,true,"Starter",10,297.577,29.7577,"KG",0,148.7885,0,5,,""
"mvu5yJQlgPcTaeNHhJN4","Starter-Finger Vada",false,false,"Starter",0.55,56.699,103.0891,"KG",400,515.4455,3.8801,5,,""
"de9QpkTBlsNhDdY2ckme","Starter-Paneer Pockets",false,false,"Starter",243,1310.4105,5.3926,"NOS",25,26.963,4.636,5,,""
"YlXA8JOxG58KgaAHp8Ax","Starter-Paneer Pockets Coating",false,true,"Starter",215,329.9132,1.5345,"NOS",0,7.6725,0,5,,""
"gsaabU7KQwX5lZzRcLo8","Subji - Aloo Palak",false,false,"Subji",10,642.386,64.2386,"KG",0,321.193,0,5,,""
"94HoSZYABx55BAaGei4F","Subji - Aloo Subji",false,false,"Subji",17,1022.8161,60.1657,"KG",0.001,300.8285,0,5,,""
"jZB0YEpDwtfoOb15nVuo","Subji - Aloo, Gobi",false,false,"Subji",9,459.6941,51.0771,"KG",200,255.3855,3.9156,5,,"Hotbox: ID"
"n3MzDe3G3XHOJyD7HxM0","Subji - Aloo, Gobi Masala",false,false,"Subji",10,605.4861,60.5486,"KG",0,302.743,0,5,,""
"fUG9o1gSpL6a7ZQf6PRn","Subji - Aloo, Methi Malai",false,false,"Subji",1,99.8107,99.8107,"KG",550,499.0535,5.5104,5,,""
"RWJd4PKffDUZWsFlgHZZ","Subji - Baingan Ka Salan",false,false,"Subji",10,407.902,40.7902,"KG",200,163.1608,4.9031,4,,"Hotbox: ID"
"0a07xsiCYQzBLBQ1UN9D","Subji - Baingan Ka Salan Tempering",false,true,"Subji",10,41.797,4.1797,"KG",250,21.1715,59.8129,5,,"Hotbox: ID"
"5xa7EOA9AchOcCxGHW3o","Subji - Biriyani Brinjal",false,false,"Subji",7.5,238.45,31.7933,"KG",150,158.9665,4.718,5,,""
"jQCorQdeXyEl8VTIwOH9","Subji - Chalna",false,false,"Subji",17.7,985.1777,55.6598,"KG",0,278.299,0,5,,""
"pcdH6U3rVPdYAkYXaMYp","Subji - Chalna Aravai",false,true,"Subji",17.7,571.064,32.2635,"KG",0,161.3175,0,5,,""
"JbTqJwfb5UGmFPGSE98K","Subji - Channa Usal Aravai",false,true,"Subji",10,104.911,10.4911,"LT",0,52.4555,0,5,,"Hotbox: ID"
"uTDDZAdnw7mX7cMNMxEL","Subji - Channa usal",false,false,"Subji",12.5,540.4884,43.2391,"LT",0.01,216.1955,0.0002,5,,"Hotbox: ID"
"0nyj0rsbJW32W6Tee0jA","Subji - Corn Palak",false,false,"Subji",10,693.886,69.3886,"KG",0,346.943,0,5,,""
"byf0qMwtKR64lVMMRhKV","Subji - Corn, Methi Malai",false,false,"Subji",1,103.005,103.005,"KG",550,515.025,5.3395,5,,""
"nUmrtCsstNHUtbHG5TuF","Subji - Dahi Pyaaz Tikhari",false,false,"Subji",23,1718.6454,74.7237,"KG",500,373.6185,6.6913,5,,""
"TGZ24sbbj4Katw6RkTJx","Subji - Dahi Pyaaz Tikhari Aravai",false,true,"Subji",23,164.56,7.1548,"KG",0.01,35.774,0.0014,5,,""
"egE25MKNjDkOfAHBHSAW","Subji - Dahi Shimla Mirch",false,false,"Subji",0.4,30.168,75.42,"KG",500,377.1,6.6295,5,,""
"sTXtVB2pnzmw9rSRGK1x","Subji - Diwani Handi",false,false,"Subji",30,2503.767,83.4589,"KG",0,417.2945,0,5,,""
"nBFX4q96QvEv4L2oWhlC","Subji - Do Pyaza Bindi",false,false,"Subji",10,620.577,62.0577,"KG",200,310.2885,3.2228,5,,"Hotbox: ID"
"MphTrfMV2zKfZeZL2bGP","Subji - Do Pyaza Gravy",false,true,"Subji",10,435.977,43.5977,"KG",250,217.9885,5.7342,5,,"Hotbox: ID"
"gVCKARIzPSSK8gtZYkSx","Subji - Do Pyaza Veg",false,false,"Subji",10,730.2812,73.0281,"KG",0,292.1124,4.5902,4,,"Hotbox: ID"
"vJljtqG21dGO1xx3rCxQ","Subji - Greengram Kadaiyal",false,false,"Dal",2,88.88,44.44,"KG",1,214.2,0.0225,5,,""
"3vQvqaswPsAlJV6so755","Subji - Greengram Kadaiyal Aravai",false,true,"Dal",2,8.12,4.06,"KG",0.001,20,0.0002,5,,""
"sLgLTRCe9WrpskDyVCWX","Subji - Greengram Kadaiyal Tempering",false,true,"Dal",2,7.604,3.802,"KG",0.001,19.01,0.0003,5,,""
"HAhxz424zHmj7UEBG39N","Subji - Kadai Veg",false,false,"Subji",10.5,1034.272,98.5021,"KG",450,492.5105,4.5684,5,,"Hotbox: HB"
"ksOwple534BYengf7zq1","Subji - Kadai Veg. Gravy Aravai",false,true,"Subji",10,416.368,41.6368,"KG",250,166.5472,6.0043,4,,"Hotbox: ID"
"EiWFV9t7MExOVv1JjPHu","Subji - Kumbakona Kadappa Tempering",false,true,"Tiffen Sambar",1.75,13.405,7.66,"KG",0,38.3,0,5,,""
"opK2Q00TnSgKIcJFcUfy","Subji - Lauki",false,false,"Subji",11,633.03,57.5482,"KG",0,287.741,0,5,,""
"vj35BZED3w82fOQaLwpL","Subji - Madras Veg Curry",false,false,"Subji",12,790.227,65.8523,"KG",0,329.2615,3.6488,5,,"Hotbox: ID"
"l2TGJdMUqE8OT3BRqDva","Subji - Madras Veg Curry Thalippu",false,true,"Subji",10,6.984,0.6984,"KG",1,2.7936,1.4318,4,,"Hotbox: ID"
"htJrDyyyLDv8Q8lFJf8H","Subji - Malai Kofha Balls",false,true,"Subji",10,221.18,22.118,"KG",250,88.472,11.303,4,,"Hotbox: ID"
"XY7gUtkHGibPnNRIMGFD","Subji - Malai Koftha Gravy",false,false,"Subji",10,892.981,89.2981,"KG",300,357.1924,3.3595,4,,"Hotbox: ID"
"lchJs0J6IaZkzs2L1l3S","Subji - Methi Dal Subji",false,false,"Subji",0.9,57.247,63.6078,"KG",0.01,318.039,0.0002,5,,""
"HL1Pjg7hvknfrxyNrj6H","Subji - Methi Malai Gravy",false,true,"Subji",10,825.35,82.535,"KG",1,412.675,0.0121,5,,""
"nEdjqTYGULcZN7dgHt2z","Subji - Methi Malai Mutter",false,false,"Subji",9.25,2422.11,261.8497,"KG",400,1309.2485,1.5276,5,,"Hotbox: ID"
"VPHhkjpVNq3rDVXZkeN4","Subji - Methi Malai Mutter Paneer",false,false,"Subji",10,1577.03,157.703,"KG",400,630.876,2.5362,4,,"Hotbox: ID"
"Y4kjaOyfbVtd7rpCJAS9","Subji - Mushroom Butter Masala",false,false,"Subji",8.4,1122.4146,133.6208,"LT",500,668.104,3.7419,5,,"Hotbox: ID"
"J8yTC3w3Eh1VasOmfYC6","Subji - Mushroom Gravy",false,false,"Subji",1,165,165,"KG",500,825,3.0303,5,,""
"pBdCiBfb0xtkgOfQDG0S","Subji - Online Kadai Veg",false,false,"Subji",13.125,1034.272,78.8017,"KG",450,492.5105,5.7105,5,,"Hotbox: HB"
"nvPajJdyENOWgaIxpUBR","Subji - Palak Gravy",false,true,"Subji",10,504.886,50.4886,"KG",0,252.443,0,5,,""
"2sd5PIzlK6zJoqFkhcM4","Subji - Palak Paneer",false,false,"Subji",10,1304.886,130.4886,"KG",0,652.443,0,5,,""
"EWv7G58J4ld28SHyp6XQ","Subji - Paneer Butter Masala Aravai",false,true,"Subji",8.4,436.078,51.914,"KG",0,259.57,0,5,,""
"ZfIzIsh59qUmwvewCoVX","Subji - Paneer, Capsicum Gravy",false,false,"Subji",9.4,1416.6746,150.7101,"LT",770,753.5505,5.1091,5,,"Hotbox: ID"
"eRmCs9eia2Ze4HXGqSdx","Subji - Panner Butter Masala",false,false,"Subji",8.4,1523.6746,181.3898,"LT",925,906.949,5.0995,5,,"Hotbox: ID"
"65Cw3VHi4rP6pPdUVdM9","Subji - Pattani Masala",false,false,"Sundal",27,1114.9262,41.2936,"KG",200,206.468,4.8434,5,,""
"voKFMu2uAnCOHNO9QcNm","Subji - Pindi Chole",false,false,"Subji",11.1,522.6211,47.083,"KG",0,188.332,6.0376,4,,"Hotbox: ID"
"CF5fl1zTYAiZFujFqtr1","Subji - Pindi Chole Gravy",false,true,"Subji",10,222.621,22.2621,"KG",250,111.3105,11.2298,5,,"Hotbox: ID"
"x4xnAMbvqTPpn2KzM9ZX","Subji - Pindi Rajma",false,false,"Subji",10,502.6211,50.2621,"KG",250,261.3105,4.7836,5,,"Hotbox: ID"
"o8BoouYXnLWxHEag69Ea","Subji - Potato Stew",false,false,"Subji",1,59.1704,59.1704,"KG",0,295.852,0,5,,""
"0ZOWqWGupxgj0DF64rrn","Subji - Soya Bhurtha",false,false,"Subji",11,463.7081,42.1553,"KG",200,210.7765,4.7444,5,,"Hotbox: ID"
"6UDN3BeEuJ8Ab3E4aG54","Subji - Soya Kheema",false,false,"Subji",36,2138.1237,59.3923,"KG",0,296.9615,0,5,,""
"xxlJ05tHzlcdDrownqSU","Subji - Subz Panchamel",false,false,"Subji",10,778.4522,77.8452,"KG",200,389.226,2.5692,5,,"Hotbox: ID"
"ttqqQpoJxJIz5p2LtS3s","Subji - Veg Kolhapuri",false,false,"Subji",22.8,1732.0552,75.9673,"KG",0,379.8365,0,5,,""
"BgdLup7wrTIVOjQNpGq5","Subji - Veg Kolhapuri Aravai",false,true,"Subji",22.8,545.825,23.9397,"KG",0.01,119.6985,0.0004,5,,""
"U3yV2CKQ5E8A3LgcKZMd","Subji - Veg Tikka Masala Gravy",false,true,"Subji",10,540.164,54.0164,"KG",400,216.0656,7.4052,4,,"Hotbox: ID"
"wpZG95Mknvg2NEnNiAah","Subji - Veg Tikka Masala Veg",false,false,"Subji",10,988.342,98.8342,"KG",400,474.971,4.0472,5,,"Hotbox: ID"
"O1zt0e3tEOA7uosLYZez","Subji- Onion,Tomato Thokku",false,false,"Subji",18.45,931.4511,50.4852,"KG",0,265.524,0,5,,""
"7K71O6TwHsyj8Eya2VEJ","Subji- Pancharatna Gravy Aravai",false,true,"Subji",10,187.576,18.7576,"KG",0,93.788,0,5,,""
"qfg9XAS0zv8vT7qzKUwB","Subji-Aloo,Capsicum curry",false,false,"Subji",10,559.905,55.9905,"KG",0,279.9525,0,5,,""
"7np7FD4jGc4VYr4yeqEp","Subji-Baingan Burtha",false,false,"Subji",10,550.735,55.0735,"KG",0,275.3675,0,5,,""
"xHQNLrwsX0hEE0guwaj9","Subji-Black Eyed Beans in Gravy",false,false,"Subji",10,662.684,66.2684,"KG",0,331.342,0,5,,""
"3o07yIO3npf2lh6n8X1z","Subji-Capsicum,Peanut Curry",false,false,"Subji",10,634.905,63.4905,"KG",0,317.4525,0,5,,""
"wrYSE5XrZREEeppU1npe","Subji-Channa Masala Basic Gravy",false,true,"Subji",10,240.07,24.007,"KG",0,120.035,0,5,,""
"3n0YptpBFjJawecn1ESx","Subji-Channa masala",false,false,"Subji",11,594.317,54.0288,"KG",0,270.144,0,5,,""
"QLP9CGbq66pw0jV5Tg5c","Subji-Corn, capsicum Curry",false,false,"Subji",85,6583.912,77.4578,"KG",0,387.289,0,5,,""
"QlFBLxqL4rdNZxxiwlKy","Subji-Kadai Paneer",false,false,"Subji",10,1511.638,151.1638,"KG",800,755.819,5.2923,5,,""
"223ygvhY3oYDzLKIBbGt","Subji-Pancharathna Gravy",false,false,"Subji",11.35,545.8527,48.0927,"KG",0,240.4635,0,5,,""
"Z1WbDeLwqLM5fhvFCG7s","Subji-Poori Masala",false,false,"Subji",9.5,452.107,47.5902,"KG",0,237.951,4.9988,5,,"Hotbox: TC"
"IcXWuSukANopglK84Ybh","Subji-Poori Masala Seasoning",false,true,"Subji",10,4.42,0.442,"KG",0,2.21,0,5,,""
"pTPUWNpkkq04Qy6p7t4c","Subji-Salna",false,false,"Subji",10,677.29,67.729,"KG",0,338.645,0,5,,""
"J1wWY0g0fdBCufI9J9Yd","Subji-Salna Aravai",false,true,"Subji",10,293.7,29.37,"KG",0,146.85,0,5,,""
"gKvzINlQ3WVjXdlCg9vS","Sugarcane Plate 8 inch",false,false,"Service Items",1,5,5,"NOS",5,0,1,5,,""
"QMyFl7lMv8cbDExkqn0f","Sundal - Beach Nilakadalai",false,false,"Sundal",1.82,172.8862,94.9924,"KG",225,474.962,2.3686,5,,""
"oPTye26HTSFA9xXBCbDY","Sundal - Mixed Sundal",false,false,"Sundal",5.5,280.575,51.0136,"KG",400,255.068,7.841,5,,""
"5koOa9Y1pXFOzWnQkjeF","Sundal - Pasipayaru Sundal",false,false,"Sundal",25.2,1744.21,69.2147,"KG",500,346.0735,7.2239,5,,""
"ByPjVnEXB2spPmdW5TnP","Sundal - Pattani Sundal",false,false,"Salad",11,499.34,45.3945,"KG",225,222.882,4.9565,5,,""
"fiR8HUz8GcfbLgjZSY46","Sundal - Vellai Karamani Sundal",false,false,"Sundal",24.2,1168.95,48.3037,"KG",500,241.221,10.3512,5,,""
"XpTQF4ysJUdtyDEZJzwh","Sundal- White Channa Sundal",false,false,"Salad",10,700.35,70.035,"KG",250,350.175,3.5696,5,"Send Tea Cup","Hotbox: HB"
"9neoSBWCbSvAhuM1fyo5","Sundal-Black Channa Sundal",false,false,"Salad",11,607.34,55.2127,"KG",225,276.0635,4.0751,5,,""
"o6NQq6IoocM4XSnbpkLh","Sundal-Black Channa Sundal(New)",false,false,"Salad",10,841.5,84.15,"KG",225,420.75,2.6738,5,,""
"ugbTvDnDyYKygs4lMTXN","Sundal-Kadalai Paruppu",false,false,"Salad",10,651.97,65.197,"KG",225,325.985,3.4511,5,,""
"m0sDTVd68pHD5I5m02Nr","Sundal-Karamani Sweet Sundal",false,false,"Salad",11.2,1399.95,124.9955,"KG",225,624.9775,1.8001,5,,""
"QecltMQJKTZnPYdlnI86","Sundal-Lobia Sundal",false,false,"Salad",10,531.165,53.1165,"KG",225,264.3825,4.2552,5,,""
"Icp6c46zuso763nzLvIl","Sundal-Nilakadalai Sundal",false,false,"Salad",10,1000.771,100.0771,"KG",270,500.3855,2.6979,5,,""
"Pzr4uqmOCmvqRFATpM3H","Sundal-Pattani, Mango Sundal",false,false,"Sundal",1,58.149,58.149,"KG",225,290.745,3.8694,5,,""
"gasZQpkKWIWpJUOCIXi6","Sundal-Sprouts Sundal",false,false,"Salad",10,676.645,67.6645,"KG",225,338.3225,3.3252,5,,""
"AI7piQchN8gzAZ09Ng5O","Sundal-W.Channa,Mango Sundal",false,false,"Salad",10,948.42,94.842,"KG",225,354.21,2.3724,5,,""
"ZYiEadu4pLVtiuJq2wa7","Sw-BS-Ukkarai",false,false,"Sweet Bulk",9.5,1624.525,171.0026,"KG",800,855.013,4.6783,5,,"Hotbox: TC"
"JvbxkiylWZKBKUh6xclK","Sweet Idiyappam",false,false,"Sweet Bulk",10,622.5,62.25,"KG",300,311.25,4.8193,5,,""
"Ay10PxmgwAwi1EnvMeez","Tanishq Channa Masala (Snack)",false,false,"Sundal",28,1522.516,54.3756,"KG",200,271.878,3.6781,5,,""
"TAZ8pbcfK3RrkEwL8Tfo","Tanishq Pattani Masala",false,false,"Sundal",27,1148.716,42.545,"KG",200,212.725,4.7009,5,,""
"tu76jIcjer0gataSP5U6","Tanishq Wheat Rava Upma",false,false,"Bulk Main Dish",13,777.9368,59.8413,"KG",180,299.2065,3.008,5,,""
"0fgAUXHr8H5wxPssjelw","Tea Early",false,false,"Hot Beverage",10,473.575,47.3575,"KG",270,236.7875,5.7013,5,,"Hotbox: ID"
"muA6fE9eZBtOobw0z2bn","Thennanguruthu,Pattani Thuvattal",false,false,"Vellai Poriyal",10,3227.82,322.782,"KG",0,1613.91,0,5,,""
"sKMGhzhXtBCtHMEAATtX","Thokku - Keerai Thokku",false,false,"Thokku",0.23,19.0931,83.0135,"KG",600,415.0675,7.2277,5,,""
"HOgC5JJORgdwkeYk1e5p","Thokku - Keerai Thokku Thalippu",false,true,"Thokku",0.2,2.986,14.93,"KG",0.01,74.65,0.0007,5,,""
"IaZkvb1TTBWW1Ep1fb04","Thokku - Palak Keerai Thokku",false,false,"Thokku",0.23,19.0839,82.9735,"KG",600,414.8675,7.2312,5,,""
"iTea26YYVJXakAlDFijw","Thokku - Tomato",false,false,"Pickle",7,1315.8496,187.9785,"KG",800,939.8925,4.2558,5,,""
"36UR9uNkReuDOwuRMOQM","Thuvaiyal - Chammandhi",false,false,"Thuvayal",0.5,71,142,"KG",400,710,2.8169,5,,""
"StvkMzGI80tuAsTnDN0y","Thuvayal - Black Channa Thuvayal",false,false,"Thuvayal",1,62.148,62.148,"KG",0,310.74,0,5,,""
"rie3WSiY4AyT0tOG0do7","Thuvayal - Coconut",false,false,"Thuvayal",6.125,734.324,119.8896,"KG",250,599.448,2.0853,5,,""
"iKjri88BewzhALSEKzqc","Thuvayal - Coconut, Mango ",false,false,"Thuvayal",8,1621.728,202.716,"KG",600,1013.58,2.9598,5,,""
"pNAxgQLs8Hvg1B91PQvK","Thuvayal - Kollu Thuvayal",false,false,"Thuvayal",0.45,28.854,64.12,"KG",250,320.6,3.8989,5,,""
"qXWgjr0whbFHVjTnpsJO","Thuvayal - Malli",false,false,"Chutney",10,530.256,53.0256,"KG",250,265.128,4.7147,5,,"Non Insulated: Thooku"
"eMUtkE0H07tCQPnIx6lb","Thuvayal - Peerkangaai",false,false,"Thuvayal",5.25,471.324,89.776,"KG",250,448.88,2.7847,5,,""
"p2WJbFkvJUsspFiDtZM3","Thuvayal - Pudhina",false,false,"Chutney",8,506.374,63.2968,"KG",250,316.484,3.9496,5,,"Non Insulated: Thooku"
"sRRbmPYPv5EtIDt4iCbl","Thuvayal - Snakegourd",false,false,"Thuvayal",1.2,127.8412,106.5343,"KG",550,532.6715,5.1627,5,,""
"NKK7mvYxmtBAkMd9QQyE","Thuvayal - Thuvaramparuppu",false,false,"Thuvayal",0.5,42.174,84.348,"KG",250,408.54,2.9639,5,,""
"Da2KoWSM4sfDF59s6tbV","Thuvayal - Vendikaai",false,false,"Thuvayal",0.3,39.462,131.54,"KG",650,657.7,4.9415,5,,""
"jsrlfzxvt1hBEVCgBMPP","Tiffen - Iyer Sambar Aravai",false,true,"Sambar",10,204.562,20.4562,"KG",0.001,102.281,0,5,,""
"MTcqlRuf45gJwKWu3ked","Tiffen - Kumbakona Kadappa",false,false,"Tiffen Sambar",1.75,52.345,29.9114,"KG",0,149.557,0,5,,""
"paVtMGjQnZIPg6tISMQ0","Tiffen - Kumbakona Kadappa Aravai",false,true,"Tiffen Sambar",1.75,17.818,10.1817,"KG",0,50.9085,0,5,,""
"lVtpCp2FKoda46bIcVp2","Tiffen Sambar Tempering",false,true,"Sambar",50,23.63,0.4726,"KG",0.01,2.363,0.0212,5,,""
"vEPHA6hfRD8tCnBIqwi6","Tiffin - Alleppey Thalippu",false,true,"Subji",2,8.555,4.2775,"KG",0.1,20.3875,0.0234,5,,""
"LQzsGXbYpqmHEFe74PCe","Tiffin - Alleppey Vegetable Curry",false,false,"Subji",2.5,192.3155,76.9262,"KG",700,384.631,9.0996,5,,""
"EJN58z0A7WlXVmM3tYdK","Tiffin - Iyer Sambar",false,false,"Sambar",10,370.6198,37.062,"KG",0,185.31,0,5,,""
"j3YPTLa7rcCT1fovFcH5","Tiffin - Kosmalli",false,false,"Tiffen Sambar",12,427.3862,35.6155,"KG",0,178.0775,5.4361,5,,"Hotbox: ID"
"ed5u3NutF74YE55XLyRY","Tiffin - Vadacurry",false,false,"Tiffen Sambar",6,346.5012,57.7502,"KG",350,288.751,6.0606,5,,""
"V2DEeVo9MvZlUZcnSeoh","Tiffin - Vadacurry Thalippu",false,true,"Tiffen Sambar",6.25,5.549,0.8878,"KG",0,4.439,0,5,,""
"dhe4GaaACjVkerDv2d54","Tiffin - Vadacurry Vadai",false,true,"Tiffen Sambar",6.25,138.444,22.151,"KG",0,110.755,0,5,,""
"1lFo1DF5lQK2udczF3pK","Tiffin - Veg Sothi",false,false,"Tiffen Sambar",1.5,99.1563,66.1042,"KG",0,330.521,0,5,,""
"gKAJ3AzY8Q9YVeD7HnwV","Tiffin-Adai Aviyal",false,false,"Tiffen Sambar",11,454.7834,41.3439,"KG",0,205.356,0,5,,""
"vqzDWuCWzDiDqbQU7OgL","Tiffin-Carror Sambar",false,false,"Tiffen Sambar",10,329.1892,32.9189,"KG",0,131.6756,6.1621,4,,"Hotbox: ID"
"jCFb26seEVwiwEfxvXgg","Tiffin-Coconut Milk",false,false,"Piece Main Dish",10,441.546,44.1546,"KG",0,176.6184,0,4,,"Hotbox: TC"
"9mVBA98tpoWpigO3Fexx","Tiffin-Coconut Milk (Nattu Sarkarai)",false,false,"Piece Main Dish",10,516.946,51.6946,"KG",0,258.473,0,5,,"Hotbox: TC"
"bumMTnSzJGNlVvesfFDf","Tiffin-Kalla Veettu Avial Aravai",false,true,"Tiffen Sambar",19.66,347.993,17.7006,"KG",0,88.503,0,5,,""
"MZ1E4AtWI0nSKRaPPJc4","Tiffin-Kalla Veettu Aviyal",false,false,"Tiffen Sambar",11,506.5374,46.0489,"KG",1,230.2445,0.0217,5,,""
"TDGzJF9DqOdXYMBGHQPS","Tiffin-Kudaimilagai Sambar",false,false,"Tiffen Sambar",10,378.57,37.857,"KG",0,189.285,0,5,,"Hotbox: ID"
"sQRnXx4I4JDmaQ6Xf8mB","Tiffin-No Sugar Coconut Milk",false,false,"Piece Main Dish",10,418.49,41.849,"KG",0,209.245,0,5,,"Hotbox: TC"
"SWC9SPVkFigy84qUXlj8","Tiffin-Paruppu Pachhadi",false,false,"Tiffen Sambar",9.5,238.4804,25.1032,"KG",0,125.516,6.9126,5,,"Hotbox: ID"
"4mdV9uxrACUQh8o8ABOh","Tiffin-Pasi Paruppu Pachadi",false,false,"Tiffen Sambar",21.7,628.365,28.9569,"KG",0,144.7845,6.3857,5,,"Hotbox: ID"
"Rl9Q8jKbp83dHArxBxfX","Tiffin-Vengaya Kos( coconut)",false,false,"Tiffen Sambar",10,391.0664,39.1066,"KG",0,195.533,4.148,5,,"Hotbox: ID"
"OLtH4hFwoWo5jqisp4PI","Tomato Gravy",false,true,"Subji",0.65,104.04,160.0615,"KG",1,800.3075,0.0062,5,,""
"e2BWVIGz6avf26sHpKAi","Tomato Juice",false,true,"Juice",12,500,41.6667,"KG",0,208.3335,0,5,,""
"q2cqy5gKcB7nOVJeQy0V","Transport",false,false,"Service Items",1,0,0,"Trips",0,0,0,5,,""
"qDHuEOtl87mIrpxrqtBw","Tricolor Idiyappam",false,false,"Bulk Main Dish",20,918.939,45.947,"KG",300,229.735,6.5293,5,,""
"juNAFKano2X20FhFLP2j","Tricolor Idiyappam Green",false,true,"Bulk Main Dish",22,199.87,9.085,"KG",501,45.425,55.1458,5,,""
"vRbJhjNi35xrhquUj6tZ","Tricolor Idiyappam Red",false,true,"Bulk Main Dish",22,247.336,11.2425,"KG",501,56.2125,44.563,5,,""
"9qtwAQeGMXTr13nqwSx5","Tricolor Idiyappam White",false,true,"Bulk Main Dish",22,257.84,11.72,"KG",501,58.6,42.7474,5,,""
"vvpxKppgDb0LKvzGau8s","UPMA - ARISI PARUPPU",false,false,"Bulk Main Dish",14.3,554.0177,38.7425,"KG",250,193.7125,6.4529,5,,""
"AhQ8UQsd2ENCJnqG7oNa","Upma - Arisi Upma Flour",false,true,"Upma",10,690.91,69.091,"KG",0,345.455,0,5,,""
"QM9KgEVsF0sDdIX1i3ga","Upma - Corn Rava Upma",false,false,"Bulk Main Dish",28,1400.35,50.0125,"KG",200,250.0625,3.999,5,,""
"NbruZawIEYRUCVwvd9qB","Upma - Idly",false,false,"Upma",0.25,12.3196,49.2784,"KG",250,246.392,5.0732,5,,""
"GIuAywtxOObgc0UpgrwU","Upma - Kambu Upma",false,false,"Bulk Main Dish",1,35.886,35.886,"KG",600,179.43,16.7196,5,,""
"wKvn1bUAX9RIvIG89kRG","Upma - Rava Kuska",false,false,"Upma",6.5,469.3165,72.2025,"KG",300,361.0125,4.155,5,,""
"A04gKHgtAwqkVKGa6YII","Upma - Rava Upma",false,false,"Upma",10.5,377.4525,35.9479,"KG",200,179.7395,5.5636,5,,""
"Wmr3Qkf8qdrd41jCO2XU","Upma- Arisi Upma",false,false,"Upma",10.5,453.9255,43.231,"KG",200,216.155,4.6263,5,,""
"QzfMTqJhtMTtCCQv3E3Q","Upma- Kuthiravali Upma",false,false,"Bulk Main Dish",28,1404.85,50.1732,"KG",200,250.866,3.9862,5,,""
"JcBarJOCy9lSZuGBvitI","Upma- Veg.Rava Upma",false,false,"Bulk Main Dish",28,1071.8,38.2786,"KG",200,191.393,5.2249,5,,""
"p8NnrKZC2xH1XpeVweo5","Upma-Chola Rava Upma",false,false,"Bulk Main Dish",12.3,570.431,46.3765,"KG",250,231.8825,5.3907,5,,""
"INOhDo1fDei00gBnhrRd","Upma-Dalia Veg Upma",false,false,"Upma",17.5,557.0799,31.8331,"KG",250,159.1655,7.8535,5,,""
"j0GjoM1G7lS8YVTR3dGw","Upma-Kattuyanam Upma",false,false,"Upma",10.5,545.1568,51.9197,"KG",250,261.0685,4.8151,5,,""
"IFY84jTmbDzfEaJKrxSH","Upma-Navara Upma",false,false,"Upma",10.5,545.1568,51.9197,"KG",250,259.5985,4.8151,5,,""
"tJOsH1V8JN8j7FYHCTQL","Upma-Wheat rava Upma",false,false,"Bulk Main Dish",13.5,794.1418,58.8253,"KG",350,294.1265,5.9498,5,,""
"pKs9OspjwWLWqJGwDPpA","Urulai,Carrot,Cauliflower,Dry Butter Beans Perattal",false,false,"Kara Poriyal",10,976.535,97.6535,"KG",550,488.2675,5.6322,5,,"Hotbox: HB"
"PzwhXsf7gfxLbVrwsSkb","Usili - Avarakkai Usili",false,false,"Usili",10,798.506,79.8506,"KG",250,394.828,3.1308,5,,""
"ThAK66MkfeJLqWP1j8IK","Usili - BajjiMilagaai",false,false,"Usili",12.5,1031.289,82.5031,"KG",300,412.5155,3.6362,5,,""
"injzbSavSS86YGcxaHGj","Usili - Kothavarangai Usil",false,false,"Usili",1.15,115.6476,100.5631,"KG",300,502.8155,2.9832,5,,""
"hj4yTRxSmO0gjg86ttQJ","Usili - Mixed Veg Usili",false,false,"Usili",9.25,888.052,96.0056,"KG",300,480.028,3.1248,5,,""
"r8L43xU6VM6KJPEMgEl7","Usili - Muttaikos Usili",false,false,"Usili",9,834.575,92.7306,"KG",300,463.653,3.2352,5,,""
"G6c00O5d0jvAxMYDGbD9","Usili - Vendakaai",false,false,"Usili",13.6,1249.5447,91.8783,"KG",300,459.3915,3.2652,5,,""
"1Q50f4N21exnBx6foaOg","Usili- Beans Usili",false,false,"Usili",10,997.8321,99.7832,"KG",300,498.916,3.0065,5,,""
"eTmEbonDt1IO8h4GDQNz","Usili- Beetroot Usili Aravai",false,true,"Usili",10,269.33,26.933,"KG",0,134.665,0,5,,""
"dDeYpcaaxPLRh08avYJL","Usili- Kothavarangai Usili Aravai",false,true,"Usili",1,29.962,29.962,"KG",0,149.81,0,5,,""
"q7azP1FCVw2SYBmc4olr","Usili- Snake Gourd Uslil",false,false,"Usili",10,854.113,85.4113,"KG",300,427.0565,3.5124,5,,""
"KqxVIdn39GWMfd5Kwo2Q","Usili-Beans Usili Aravai",false,true,"Usili",12,400.456,33.3713,"KG",0,141.54,0,5,,""
"aYedT9jWAMBo18dFTXmA","Usili-Beetroot Usili",false,false,"Usili",10,727.845,72.7845,"KG",300,363.9225,4.1218,5,,""
"ruT28YsCaz0k20ky29or","Usili-Vazhaipoo Usili",false,false,"Usili",12.6,2033.755,161.4091,"KG",500,807.0455,3.0977,5,,""
"GmzteDEkPeD6yy22xnC1","Usili-Vazhaipoo Usili Aravai",false,true,"Usili",10,684,68.4,"KG",0,289.5,0,5,,""
"x4KzHfBf4u327OwdxF2Z","VP - Avarai, Sakkaraivalli Poriyal",false,false,"Vellai Poriyal",1,79.54,79.54,"KG",400,397.7,5.0289,5,,""
"HrJh9ptLJ0ov6NFSm7MT","VP - Beans Palya",false,false,"Vellai Poriyal",10,1364.935,136.4935,"KG",500,682.4675,3.6632,5,,"Hotbox: HB"
"oVwM6uDElT1CFLMj6Abd","VP - Beans Palya Aravai",false,true,"Vellai Poriyal",10,294.705,29.4705,"KG",0,147.3525,0,5,,"Hotbox: HB"
"EwRCwNfte2CYuBqOZI5H","VP - Beans Poriyal (New)",false,false,"Vellai Poriyal",0.4,43.041,107.6025,"KG",600,613.0125,5.5761,5,,""
"Y2MlMMkG4byJRhBTf0kk","VP - Beetroot Poriyal",false,false,"Vellai Poriyal",9.5,766.07,80.6389,"KG",400,402.984,4.9604,5,,"Hotbox: HB"
"fWAeBIJ4RHjHv04LibOP","VP - Broccoli Stir Fry",false,false,"Vellai Poriyal",4.3,690.642,160.6144,"KG",600,803.072,3.7357,5,,""
"3lzyko5VBwBU4JZSc8Xo","VP - Cabbage, carrot , Beans  Poriyal",false,false,"Vellai Poriyal",10,1148.826,114.8826,"KG",500,574.413,4.3523,5,,"Hotbox: HB"
"kEkqVa54GKxwxVZtsssT","VP - Cabbage,Beans Poriyal",false,false,"Vellai Poriyal",12,1030.2122,85.851,"KG",450,429.255,5.2416,5,,"Hotbox: HB"
"djZPKagIObylUvJHkAdu","VP - Cabbage,Carrot, Peas Poriyal",false,false,"Vellai Poriyal",11,876.882,79.7165,"KG",450,398.5825,5.645,5,,"Hotbox: HB"
"7NFDgfnGHXeo0I3Yz88N","VP - Cabbage,Carrot,Fresh Peas Poriyal",false,false,"Vellai Poriyal",10,979.4523,97.9452,"KG",500,489.726,5.1049,5,,"Hotbox: HB"
"QV2SMnyPRYYC0HyByQcl","VP - Cabbage,Carrot,Sc Poriyal",false,false,"Vellai Poriyal",11,978.932,88.9938,"KG",450,431.3325,5.0565,5,,"Hotbox: HB"
"E3mRaBurWEBCMJV9Pysv","VP - Cabbage,Fresh Peas Poriyal",false,false,"Vellai Poriyal",10,978.165,97.8165,"KG",500,489.0825,5.1116,5,,"Hotbox: HB"
"apBQHuOh59hmWVdeoho2","VP - Carrot ,Panner, green peas Poriyal",false,false,"Vellai Poriyal",39,6207.832,159.1752,"KG",650,795.876,4.0836,5,,"Hotbox: HB"
"jDq6nYBSbzU2ExuLCYac","VP - Carrot Channa Poriyal",false,false,"Vellai Poriyal",10,788.277,78.8277,"KG",350,394.1385,4.4401,5,,"Hotbox: HB"
"B8wyEBPdx49HAojAWafr","VP - Carrot Fresh Peas Poriyal",false,false,"Vellai Poriyal",10,1498.313,149.8313,"KG",650,749.1565,4.3382,5,,"Hotbox: HB"
"oz2plMr2oCLWRXW7H7LS","VP - Carrot, Beans Poriyal",false,false,"Vellai Poriyal",10.25,912.377,89.0124,"KG",450,445.062,5.0555,5,,"Hotbox: HB"
"5aFmQvKUQ4gU0bvQk7aB","VP - Carrot, Corn,Peas Poriyal",false,false,"Vellai Poriyal",10,1499.9006,149.9901,"KG",650,749.9505,4.3336,5,,"Hotbox: HB"
"c1MINEXRvA36tHeIJInI","VP - Carrot,Mulaikattiya Pasi Payaru Thuvatal",false,false,"Vellai Poriyal",10,793.907,79.3907,"KG",400,317.5628,5.0384,4,,"Hotbox: HB"
"J1UZKyJsNiu3Za7AjDOG","VP - Kos Thuvattal",false,false,"Vellai Poriyal",8.8,831.4308,94.4808,"KG",400,472.404,4.2337,5,,"Hotbox: HB"
"hyCoPo5T5rBGPTGoU1hW","VP - Paneer, Peas Poriyal",false,false,"Vellai Poriyal",10,2414.48,241.448,"KG",1200,1207.24,4.97,5,,""
"bPpOabLcpTLJ8xgApfap","VP - Paneer, Sprouts Poriyal",false,false,"Vellai Poriyal",10,1763.467,176.3467,"KG",650,881.7335,3.6859,5,,"Hotbox: HB"
"jvuykvU19b9S8dylXU30","VP - Panner,Green Peas Thuvatal",false,false,"Vellai Poriyal",10,2114.585,211.4585,"KG",1000,1057.2925,4.7291,5,,"Hotbox: HB"
"su9b66x1hJzVBUtmZAIU","VP - Pumpkin Poriyal",false,false,"Vellai Poriyal",10,467.695,46.7695,"KG",250,233.8475,5.3454,5,,"Hotbox: HB"
"HNJ8N3hv1I8WXiLDFC2X","VP - Raw banana Palya",false,false,"Vellai Poriyal",10,808.06,80.806,"KG",350,404.03,4.3314,5,,"Hotbox: HB"
"ahLZgA2QxofoNiRmFr8H","VP - Thatta Payithankai",false,false,"Vellai Poriyal",10,423.687,42.3687,"KG",250,211.8435,5.9006,5,,"Hotbox: HB"
"g7BIFRL6BV0HtMdOdmAN","VP - Tricolor Poriyal",false,false,"Vellai Poriyal",10,1051.6,105.16,"KG",350,525.8,3.3283,5,,""
"FXoQdDbKmVGN8VWihybC","VP - Tricolor Poriyal-2",false,false,"Vellai Poriyal",10,946.6,94.66,"KG",350,473.3,3.6974,5,,""
"cjwARnRh0PTFqjfIxY8J","VP - Vazhaikaai Podimas",false,false,"Vellai Poriyal",11,759.44,69.04,"KG",350,345.2,5.0695,5,,""
"gPKbHPYn4gO0kBUngWHC","VP - Vendaikaai Pepper Stri Fry",false,false,"Vellai Poriyal",0.2,26.414,132.07,"KG",600,660.35,4.543,5,,""
"yY6zdYsEIciUyfNH1ki3","VP- Beans Poriyal",false,false,"Vellai Poriyal",10,1152.409,115.2409,"KG",500,576.2045,4.3387,5,,"Hotbox: HB"
"902EVfyqTKde1lKEMqfd","VP- Beens,Paneer Poriyal",false,false,"Vellai Poriyal",35,6085.968,173.8848,"KG",875,869.424,5.0321,5,,"Hotbox: HB"
"iv69xUJK7X9JBYUWP6qd","VP- Kos,Carrot Poriyal",false,false,"Vellai Poriyal",11,961.6175,87.4198,"KG",400,437.099,4.5756,5,,"Hotbox: HB"
"ao5AdiTtk15MRLxBrGPx","VP-Beans Poriyal Aravai",false,true,"Vellai Poriyal",0.4,11.59,28.975,"KG",0.01,136.375,0.0004,5,,""
"PrCRbUxnoVcYjoaqCjyb","VP-Carrot Poriyal",false,false,"Vellai Poriyal",10,787.869,78.7869,"KG",400,393.9345,5.077,5,,""
"qtY8Ql2PqPDHa5KeU60c","VP-Keerai Poriyal",false,false,"Vellai Poriyal",10,944.1275,94.4127,"KG",0,472.0635,0,5,,""
"0FfHOBhdVACwNTZQGuKg","VP-Keerai Poriyal Thalippu",false,true,"Vellai Poriyal",10,18.99,1.899,"KG",0,9.495,0,5,,""
"5u92SMq8ba71rQGXKIS2","VP-Paneer,Broccoli,Green Peas Thuvattal",false,false,"Vellai Poriyal",10,3109.775,310.9775,"KG",1500,1554.8875,4.8235,5,,"Hotbox: HB"
"buWTImcweKEUlZfiETdj","VP-Vazhakkai Vellai Poriyal",false,false,"Vellai Poriyal",10.75,806.592,75.0318,"KG",350,381.6705,4.6647,5,,"Hotbox: HB"
"j4pXIfWfaHWsZl9q4qCT","VPC - Carrot Channa Poriyal",false,false,"Vellai Poriyal",10,724.329,72.4329,"KG",350,362.1645,4.8321,5,,"Hotbox: HB"
"Ng14kLdOJLNQAqQ6a4FV","VPD - Carrot Moong Dhall Poriyal",false,false,"Vellai Poriyal",9,751.592,83.5102,"KG",350,417.551,4.1911,5,,"Hotbox: HB"
"CZjy7bZIaG5mdjJ9g2l2","VPD - Carrot Toor Dhall Poriyal",false,false,"Vellai Poriyal",11.2,845.768,75.515,"KG",350,377.575,4.6348,5,,"Hotbox: HB"
"JSrDRnRBebABoSVgft83","VPD - Mullangi, Pasiparuppu Poriyal",false,false,"Vellai Poriyal",10.5,1110.49,105.761,"KG",0,528.805,0,5,,""
"63dpP1zcNPHerFXh0QDQ","VPD - Mullangi, Toor Dal Poriyal",false,false,"Vellai Poriyal",10.5,1110.49,105.761,"KG",0,528.805,0,5,,""
"rA2DzS8yVQARaZJuTyiV","VPD - Pudalangaai, Paruppu Poriyal",false,false,"Vellai Poriyal",10,928.47,92.847,"KG",350,448.11,3.9053,5,,""
"AlGVDiL2OU7ji3e7EypS","VPD- Cabbage Moong Dal Poriyal",false,false,"Vellai Poriyal Dhall",11,941.387,85.5806,"KG",400,427.903,4.674,5,,""
"4J88IzPI9TF82qHpl7wy","VPD- Vazhaithandu Poriyal",false,false,"Vellai Poriyal",0.72,66.044,91.7278,"KG",350,458.639,3.8156,5,,""
"yT15tMTFKwh9aMpe3LPT","VPD-Beans,Moongdal Poriyal",false,false,"Vellai Poriyal Dhall",10,1026.655,102.6655,"KG",450,513.3275,4.3832,5,,""
"yRchZ1x9CKO0TLU0Bh0v","VPD-Beans,Toor Dal Poriyal",false,false,"Vellai Poriyal Dhall",11,1178.569,107.1426,"KG",450,535.713,4.2,5,,""
"ZvcLQ4Hwb5EnxxEKv3is","VPD-Cabbage Channa Dal Poriyal",false,false,"Vellai Poriyal Dhall",11,855.325,77.7568,"KG",350,388.784,4.5012,5,,""
"lsEKJzwW5ZaQAObNZxJz","VPD-Cabbage Sprouts Poriyal",false,false,"Vellai Poriyal",11.25,719.7648,63.9791,"KG",350,319.8955,5.4705,5,,""
"DSFd0xElnrECzfMct3Mp","VPD-Cabbage Toor Dal Poriyal",false,false,"Vellai Poriyal Dhall",12,915.629,76.3024,"KG",350,381.512,4.587,5,,""
"lEVBv95YKQibBfbLgS3j","VR - Akkaara Adisal",false,false,"Variety Rice",60,7515.7427,125.2624,"KG",550,626.312,4.3908,5,,"Hotbox: HB"
"sorYNmH18R2H6SUQ9kCm","VR - Aloo Aur Tamater Ka Pulao",false,false,"Variety Rice",5,314.6516,62.9303,"KG",0,314.6515,0,5,,""
"VzSDGfD6GK2eLMHNtUiY","VR - Channa Pulao",false,false,"Variety Rice",5.2,353.0461,67.8935,"KG",500,339.4675,7.3645,5,,""
"yf4wARaAcjsasLhxUI4K","VR - Coconut Rice",false,false,"Variety Rice",3.85,160.348,41.6488,"KG",250,208.244,6.0026,5,,""
"ik5HkBQi6GHq0dAxy0gw","VR - Curd Rice",false,false,"Bulk Main Dish",118,3538.9674,29.9912,"KG",180,149.956,6.0018,5,,"Hotbox: HB"
"FeaBlYtb5Loxf9WjkatB","VR - Curd Rice Curd",false,true,"Bulk Main Dish",6,38.808,6.468,"KG",0,25.872,0,4,,"Non Insulated: Thooku"
"RR2JxxHaXBzuqAqSgoNi","VR - Curryleaves Rice",false,false,"Variety Rice",10.25,560.8229,54.7144,"KG",350,273.572,6.3969,5,,""
"cCJx4uJLjeUn4fqkLngc","VR - Kuthiraiwali Curd Rice",false,false,"Variety Rice",5,195.826,39.1652,"KG",350,195.826,8.9365,5,,""
"0tMRAdhzjKgD8IYDB6GY","VR - Kuthiraiwali Sambar Rice",false,false,"Variety Rice",5,258.5248,51.705,"KG",350,258.525,6.7692,5,,""
"uSB05onEOFELDb8ewfIm","VR - Kuthiraiwali Sambar Rice Aravai",false,true,"Variety Rice",5,31.892,6.3784,"KG",0,31.892,0,5,,""
"T0kMrM4omjKB5lQSS1Zw","VR - Kuthiraiwali Sambar Rice Thalippu",false,true,"Variety Rice",5,6.59,1.318,"KG",0,6.59,0,5,,""
"mtlDElwOsOYGk6sOmNq0","VR - Kuthiravali Veg Pulao",false,false,"Variety Rice",3.25,305.3914,93.9666,"KG",400,469.833,4.2568,5,,"Hotbox: HB"
"Q7UL3ptBnT2TGv4Y3pVo","VR - Malli Rice",false,false,"Variety Rice",10,713.281,71.3281,"KG",350,356.6405,4.9069,5,,""
"uEDq1l5ebvnFx89Cpsmi","VR - Mango Rice",false,false,"Variety Rice",50,4825.7,96.514,"KG",350,450.57,3.6264,5,,""
"k4lJqWNLQfZx2ghXIvYD","VR - Mushroom Fried Rice",false,false,"Variety Rice",10,915.482,91.5482,"KG",550,457.741,6.0078,5,,""
"pgSyau5QsVxLM61IG72j","VR - P",false,false,"Variety Rice",11.5,845.9217,73.5584,"KG",400,367.792,5.4379,5,,"Hotbox: HB"
"m3JidgWUZDEeD94MaxLZ","VR - Paneer Fried Rice",false,false,"Variety Rice",10,985.318,98.5318,"KG",550,492.659,5.582,5,,""
"c8s064Ae9uVmnmwHrl85","VR - Rasam Sadam",false,false,"Variety Rice",128,3299.3086,25.7758,"KG",350,128.879,13.5786,5,,"Hotbox: HB"
"wHqPqPF4TvVdCV4ul5KQ","VR - Sambar Rice",false,false,"Variety Rice",160,7613.7002,47.5856,"KG",250,240.3575,5.2006,5,,"Hotbox: HB"
"PkqLPstBJldghUZ7sFoO","VR - Sambarsatham Aravai",false,true,"Bulk Main Dish",156,931.562,5.9716,"KG",0,29.858,0,5,,"Non Insulated: Thooku"
"b6vui3ziFFmm1f7VtwqU","VR - Sambarsatham Mix Veg",false,true,"Bulk Main Dish",6,66.6099,11.1017,"KG",0,44.4068,0,4,,"Non Insulated: Thooku"
"Z0Q2aw6KVOjerIaYDu2g","VR - Sarkarai Sadham",false,false,"Variety Rice",10,743.302,74.3302,"KG",350,371.651,4.7087,5,,""
"1gBjhgO2n3C1V1CnI0OY","VR - Semia Bagalabath",false,false,"Variety Rice",12,512.1365,42.678,"KG",350,213.39,8.2009,5,,""
"ONX1k46Tm7IDeAhjJXCs","VR - Semiya Baghalabad",false,false,"Variety Rice",12,458.3865,38.1989,"KG",350,190.9945,9.1626,5,,""
"qT2LNbvYclcxTdRiB7oc","VR - Spring Onion Crumbled Paneer Fried Rice",false,false,"Variety Rice",10,712.818,71.2818,"KG",450,356.409,6.313,5,,""
"YHgZne3Bt5sx3Eubvpfz","VR - Sweet Corn Pulao",false,false,"Variety Rice",130,10505.8671,80.8144,"KG",400,404.072,4.9496,5,,"Hotbox: HB"
"HqI3TUojcO8LwzSkajmT","VR - Tomato Biriyani",false,false,"Variety Rice",12,614.5116,51.2093,"KG",0,256.0465,0,5,,""
"55ZsjAQpiaJJORxzSTcX","VR - Tomato Biriyani Paste",false,true,"Variety Rice",12,164.8,13.7333,"KG",0.01,68.6665,0.0007,5,,""
"FdIQ1jrwtlXGLLNjRGfY","VR - Tomato Rice",false,false,"Variety Rice",10,504.6008,50.4601,"KG",350,252.3005,6.9362,5,,"Hotbox: HB"
"Ii4VaWjhmVxksAx1Onvq","VR - Varagu Curd Rice",false,false,"Variety Rice",5,195.826,39.1652,"KG",350,195.826,4.4683,5,,""
"d9VFTXKcbOKAkIGbrMJO","VR - Veg Briyani",false,false,"Variety Rice",10,572.591,57.2591,"KG",350,286.2955,6.1126,5,,"Hotbox: HB"
"wpE4UVjJ2y0QWWghlMr8","VR - Veg Briyani ( Basmathi)",false,false,"Variety Rice",11.5,845.9217,73.5584,"KG",400,367.792,5.4379,5,,"Hotbox: HB"
"HoXgG47aFen1GZJxz7Zx","VR - Veg Briyani (Seeraga Samba)",false,false,"Variety Rice",10,795.1299,79.513,"KG",400,404.3485,5.0306,5,,"Hotbox: HB"
"SAedWTdN3CaEpTdGdU1R","VR - Veg Pulao",false,false,"Variety Rice",4,320.454,80.1135,"KG",400,400.5675,4.9929,5,,"Hotbox: HB"
"jutB8YDpYKmgbFrjOVbS","VR Karkandu Rice",false,false,"Variety Rice",10,1320.663,132.0663,"KG",550,660.3315,4.1646,5,,""
"T84TqmyKe8GroKly1NrU","VR- Fried Rice",false,false,"Variety Rice",10,472.529,47.2529,"KG",350,232.2645,7.407,5,,""
"bvoVCdlIOwgmTI6yKdT8","VR- Malli Rice Aravai",false,true,"Variety Rice",10,127,12.7,"KG",0,63.5,0,5,,""
"mfTwhacYdcjgQLwzFK0y","VR- Paneer Peas Pulao",false,false,"Variety Rice",4.275,474.8088,111.0664,"KG",550,555.332,4.952,5,,""
"dLuLiVzk9SF0corTYPcf","VR- Peas Pulao",false,false,"Variety Rice",4.15,304.475,73.3675,"KG",400,366.8375,5.452,5,,""
"c658clN5C3rrfOGhloYz","VR- Sambar Rice Mix Veg",false,true,"Variety Rice",10,111.0678,11.1068,"KG",0,55.534,0,5,,""
"YCBX15gHCO0Uw8gcW2sF","VR- Thinai Akkara Adisil",false,false,"Variety Rice",60,7332.8827,122.2147,"KG",550,611.0735,4.5003,5,,"Hotbox: HB"
"bLAFB5JVu7dx5pV7ZCDQ","VR-Arisi, Paruppu Sadham",false,false,"Variety Rice",6.14,283.628,46.1935,"KG",600,238.2965,12.5894,5,,""
"NiYudrtOE54vszKIB9QN","VR-Carrot Rice",false,false,"Variety Rice",8.3,378.347,45.584,"KG",600,224.908,13.1625,5,,""
"ScINpstZhVnFeClR43cV","VR-Curd Rice (Pomegranate)",false,false,"Bulk Main Dish",106.5,4490.3714,42.1631,"KG",350,210.8155,8.3011,5,,"Hotbox: HB"
"LcqfBkR6am753Nx5Fc0P","VR-Ellu Podi Rice",false,false,"Variety Rice",1.2,47.83,39.8583,"KG",0,199.2915,0,5,,""
"nWQ7YP6eX14bKclSe2HR","VR-Ellu Podi Rice Tempering",false,true,"Variety Rice",1.2,3.81,3.175,"KG",0,15.875,0,5,,""
"7buc8TUOY6Sucdn5Lcg4","VR-Ghee Rice",false,false,"Variety Rice",10,865.7936,86.5794,"KG",600,432.897,6.9301,5,,""
"eHLD01521D5lqjWzHSpF","VR-Hyd. Dhum Briyani",false,false,"Variety Rice",10.35,868.3684,83.9003,"KG",400,419.5015,4.7676,5,,""
"QI65PAHfhei9bnLUVnKW","VR-MEALMAKER BIR IYANI ARAVAI (NO OG)",false,true,"Variety Rice",30,1006.7134,33.5571,"KG",0,167.7855,0,5,,""
"92omPZgNCAFD5t0kpPnr","VR-MEALMAKER BIRIYANI (NO OG)",false,false,"Variety Rice",30,1708.113,56.9371,"KG",400,284.6855,7.0253,5,,""
"OMXyvSNtIit2W3H61vAb","VR-Meal Maker Biriyani (Pacharisi)",false,false,"Variety Rice",29.27,1556.7404,53.1855,"KG",350,265.9275,6.5807,5,,""
"uro3R3adLtLC34pq8uSn","VR-Meal Maker Biriyani(Basmati)",false,false,"Variety Rice",30.45,1822.6512,59.8572,"KG",400,299.286,6.6826,5,,""
"5rKypVE4Ws6KIsaJZPTc","VR-Mealmaker Biriyani Aravai",false,true,"Variety Rice",31.84,1172.435,36.8227,"KG",0,184.1135,0,5,,""
"Zj20CucQHbVgaMCC3Tjs","VR-Methi Pulao",false,false,"Variety Rice",11,890.1035,80.9185,"KG",400,404.5925,4.9432,5,,""
"XZVvJpPLYnada1D7G7TH","VR-Mushroom Biriyani",false,false,"Variety Rice",11.4,1077.448,94.513,"KG",550,472.565,5.8193,5,,""
"oOH2ASd18o2F8lf22RFV","VR-Mushroom Biriyani Aravai",false,true,"Variety Rice",10,741.943,74.1943,"KG",0,361.3715,0,5,,""
"sMMQKsYRjpg7u7WDlqN2","VR-Navadhanya Pulao",false,false,"Variety Rice",10,552.754,55.2754,"KG",350,276.377,6.3319,5,,""
"6hf77G9GXnmXjPPGW58l","VR-Paneer Briyani",false,false,"Variety Rice",11.5,1440.6764,125.2762,"KG",550,626.381,4.3903,5,,""
"0UZCp8hopDP2QvpcCqCK","VR-Paneer Tawa Fried Rice",false,false,"Variety Rice",1.1,115.487,104.9882,"KG",0,524.941,0,5,,""
"v0IppUZnV3GG0gylGPQn","VR-Puliyotharai",false,false,"Variety Rice",29.25,1059.2869,36.2149,"KG",250,181.0745,6.9032,5,,""
"eh0HBawGXOijZux9gSEr","VR-SCHEZWAN FRIED RICE",false,false,"Variety Rice",10,538.2186,53.8219,"KG",550,269.1095,10.2189,5,,""
"WNcQH2Fh6IkbCLnJ0wF6","VR-SCHEZWAN PANEER FRIED RICE",false,false,"Variety Rice",10,1064.4846,106.4485,"KG",550,532.2425,5.1668,5,,""
"M2UxmAJywTXIqYjM0bb8","VR-Sambar Rice Tempering",false,true,"Variety Rice",100,32.17,0.3217,"KG",0.001,1.6085,0.0031,5,,""
"I7OGjNEjKleQZWb30lST","VR-Sambar Rice(No Onion)",false,false,"Variety Rice",150,6585.0624,43.9004,"KG",250,219.502,5.6947,5,,"Hotbox: HB"
"xbg5bQSRRzuGXe226prB","VR-Tomato Baath",false,false,"Variety Rice",3,92.4436,30.8145,"KG",600,154.0725,19.4714,5,,""
"q7FAgNTBdBnsxTvwGTtY","VR-Tomato Baath Aravai",false,true,"Variety Rice",3,29.6945,9.8982,"KG",1,49.491,0.101,5,,""
"nsigeh8xtr74wxBk0Dzn","VR-Veg Biriyani (No Onion)",false,false,"Variety Rice",10,558.496,55.8496,"KG",400,285.3315,7.1621,5,,"Hotbox: HB"
"wyJqZtb1sEHV714m8S33","VR-Veg Pulao(Pacharisi)",false,false,"Variety Rice",4,278.7814,69.6953,"KG",350,350.9765,5.0219,5,,"Hotbox: HB"
"KEuTa1ow7qipOECDRdiF","VR-Weight Loss Biriyani",false,false,"Variety Rice",5,180.996,36.1992,"KG",600,180.996,16.575,5,,""
"C5ZhPKWFhlaic4CavFgq","VR-Weightloss Biriyani",false,false,"Variety Rice",4.2,245.965,58.5631,"KG",0,277.5775,0,5,,""
"ZRe09vWKDJed1yDiUMbW","Vada - Beetroot Vadai",false,false,"Vada",120,437.752,3.6479,"NOS",10,18.2395,2.7413,5,,"Non Insulated: Tray"
"4jmFHns81BZ93Fkb6NyI","Vada - Cabbage Vada",false,false,"Vada",115,417.9295,3.6342,"NOS",10,18.171,2.7516,5,,"Non Insulated: Tray"
"7Z4MhHaqhQsfXF9H33Gv","Vada - Carrot Vada",false,false,"Vada",125,525.306,4.2024,"NOS",15,21.012,3.5694,5,,"Non Insulated: Tray"
"tVMI6vlswyqRWPUcgZd1","Vada - Karthikai Vada",false,false,"Vada",100,10,0.1,"NOS",10,0.4,100,4,,"Hotbox: HB,Non Insulated: Tray"
"3Tq3PjWWh2myjCbTYfTy","Vada - Keerai Vada",false,false,"Vada",65,275.3373,4.236,"NOS",15,21.18,3.5411,5,,"Non Insulated: Tray"
"h55W8QDePvGpf7Uyvpw1","Vada - Masal Vadai",false,false,"Vada",120,322.202,2.685,"NOS",15,13.425,5.5866,5,,"Non Insulated: Tray"
"BbDSrG4EhwVZjGVIINI2","Vada - Medium Vada",false,false,"Vada",100,239.457,2.3946,"NOS",12,11.973,5.0113,5,,"Non Insulated: Tray"
"kHj7QfjxaE89ch7vugu4","Vada - Mixed Veg Vada",false,false,"Vada",115,423.83,3.6855,"NOS",10,18.4275,2.7133,5,,"Non Insulated: Tray"
"1rzpju81aXBumiJCU8hI","Vada - Periya Vada",false,false,"Vada",95,341.2184,3.5918,"NOS",16,17.959,4.4546,5,,"Non Insulated: Tray"
"T1boLQBn7l0JVKryojh7","Vada - Rasa Vadai",false,false,"Vada",100,451.6965,4.517,"NOS",20,22.585,4.4277,5,,"Non Insulated: Tray"
"IgRaC1GVtPSwjPZUiDEc","Vada - Sabudana Vada",false,false,"Vada",100,279.5,2.795,"NOS",15,13.975,5.3667,5,,"Non Insulated: Tray"
"DXzdtq9ybX408GHFtMd7","Vada - Sago",false,false,"Deep Fry",36,54.518,1.5144,"NOS",20,7.0165,13.2066,5,,""
"rJrKtb9oIG3RBaxLdhNt","Vada - Seriya Vadai",false,false,"Vada",135,292.7238,2.1683,"NOS",10,10.8415,4.6119,5,,"Non Insulated: Tray"
"yQ5O8mX9kX3zFDGNbV5h","Vada - Seriya Vadai (No Onion)",false,false,"Vada",150,270.6598,1.8044,"NOS",10,9.022,5.542,5,,"Non Insulated: Tray"
"MJfvC6UNEiLKGEQA5mtA","Vada - Snake Gourd Vadai",false,false,"Vada",100,470.691,4.7069,"NOS",15,23.5345,3.1868,5,,"Non Insulated: Tray"
"BhYwoJZqCVKEnGPVEoIm","Vada - Thavala Vadi",false,false,"Vada",115,332.492,2.8912,"NOS",15,14.456,5.1882,5,,"Non Insulated: Tray"
"PMvTNuicJxZnwJhXWekg","Vada - Thayir Vadai",false,false,"Vada",90,454.232,5.047,"NOS",20,25.235,3.9628,5,,"Non Insulated: Tray"
"6tMipXjsIusK6zh293Dm","Vada - Uddina Vada",false,false,"Vada",100,271.214,2.7121,"NOS",15,13.5605,5.5308,5,,"Non Insulated: Tray"
"mdqlB4vsBlfqJGCyUyRH","Vada - Vazhaipoo Vadai",false,false,"Vada",100,557.564,5.5756,"NOS",15,27.878,2.6903,5,,"Non Insulated: Tray"
"3e3oqamzStOjxfNncGxn","Vada - Vellai Karamani Vadai",false,false,"Vada",600,2359.231,3.9321,"NOS",15,19.6605,3.8148,5,,""
"hqvvQWJfi5vZqzT4ABTQ","Vada-Rasavadai Rasam",false,true,"Vada",10,117.67,11.767,"NOS",0,58.835,0,5,,""
"Xwqb0OOVt30zfJKrD6pA","Vathal - Appala Poo",false,false,"Deep Fry",10,1531.875,153.1875,"KG",400,612.75,2.6112,4,,"Hotbox: HB"
"yj6gdMVzCAu9gN2nDYle","Vathal - Bat Vathal",false,false,"Deep Fry",1,134.75,134.75,"KG",350,673.75,2.5974,5,,"Non Insulated: Thooku"
"EuoyO27ojdjljZQ2HcGG","Vathal - Corn Flakes",false,false,"Deep Fry",10,1052.56,105.256,"KG",350,526.28,3.3252,5,,"Hotbox: HB"
"1nPtiyUt5eJMYLT6L3vV","Vathal - Garlic Vathal",false,false,"Deep Fry",10,1316.625,131.6625,"KG",350,658.3125,2.6583,5,,"Non Insulated: Thooku,Non Insulated: BD"
"1Sd6UbEafkuTb6O1Wjzd","Vathal - Heart Vathal",false,false,"Deep Fry",10,1100,110,"KG",350,550,3.1818,5,,"Non Insulated: Thooku"
"LsUOuC4t9k8JRiqB2W7M","Vathal - Milagai Vathal",false,false,"Deep Fry",100,47.475,0.4747,"NOS",0,1.8988,0,4,,"Non Insulated: Thooku,Non Insulated: BD"
"puH6UEPK93WoNT72Yyim","Vathal - Mor Milagaai",false,false,"Vathal",100,2.622,0.0262,"NOS",6,0.131,229.0076,5,,""
"8yQMvYG0inLJV5Mefmfz","Vathal - Mothira Vathal",false,false,"Deep Fry",10,1192.575,119.2575,"KG",350,596.2875,2.9348,5,,"Non Insulated: Thooku"
"txkklOXixlv1SyKLmsaA","Vathal - Triangle vathal",false,false,"Deep Fry",10,1310,131,"KG",350,524,2.6718,4,,"Hotbox: HB"
"dX7EG3VmKR7cWQmJbTsm","Vathal -Urad Vathal",false,false,"Deep Fry",100,227.5,2.275,"NOS",16,9.1,7.033,4,,"Non Insulated: Thooku"
"4dTuAEJoaOrGO3Lw1osw","Vathal Fry",false,false,"HOS",1,0,0,"NOS",0,0,0,5,,""
"AnML1kvHDfuNXtHWsFG5","Vathal-Vengaya Vathal",false,false,"Fryums",1.4,136.06,97.1857,"KG",350,485.9285,3.6014,5,,""
"OH05ryWVoHbIOUh9HVZi","Veg Stew",false,false,"Sambar",10,659.7884,65.9788,"KG",0,329.894,0,5,,""
"ERisalP3E31I6oLty6aa","Ven Pongal (WS)",false,false,"Bulk Main Dish",10.6,528.086,49.8194,"KG",250,249.097,5.0181,5,,"Hotbox: HB"
"a7cjrSbruTVdUWOEEeTC","Vendaikaai Fry",false,false,"Deep Fry",0.22,27.424,124.6545,"KG",600,623.2725,4.8133,5,,""
"OYPWqHdht36cklliNdqm","Viral Meen ",false,false,"Kara Kozhambu",105,151.177,1.4398,"NOS",0.5,7.199,0.3473,5,,""
"VEWVYvZa4aH2IN5IxybL","Viral Mein Only",false,false,"HOS",520,713.598,1.3723,"NOS",0,6.8615,0,5,,""
"Gcz6TCYuO3QxZr6jjlLm","Vr-Lemon Rice",false,false,"Variety Rice",10,341.232,34.1232,"KG",350,170.616,10.257,5,,""
"kqc4VblhmrZXJtkGRXpK","WATER BOTTLE",false,false,"Service Items",1,4,4,"NOS",4,20,1,5,,""
"QHEiLPdwJ5fLkzDA73cb","WATER CAN",false,false,"Service Items",1,0,0,"NOS",40,0,0,5,,""
"DODBk2CcXuFQjhSZJEYB","Water Case",false,false,"Service Items",1,0,0,"Case",150,0,0,5,,""
"cQxDZ6HgO4GqpchZucdR","Water Cup",false,false,"Service Items",100,0,0,"NOS",0.75,0,0,5,,""
"gOCIP4h5t1yY527SgRM9","Watermelon Juice",false,false,"Juice",1,0,0,"NOS",20,0,0,5,,""
"5Ocb8SnOoqIkdU1hySss","Wheat Rava Payasam (Rich)",false,false,"Sweet Payasam",10,941.31,94.131,"KG",450,470.655,4.7806,5,,""
"qjb4EIRnF046eO3slESN","White Ellu Urundai",false,false,"Sweet Piece",6,38.5,6.4167,"NOS",15,32.0835,2.3377,5,,""
"8X34ShIqhUVdpBwBdwu9","Whole Garam Masala to be discarded",false,true,"Subji",0.5,15.569,31.138,"KG",0,155.69,0,5,,""
"purWRIKvNM5lEGdxLzmp","pickle pocket ",false,false,"Pickle",0,0.045,Infinity,"KG",1,Infinity,0,5,,""
"3TihhPUQBpkrx6UUiVDx","soup cup & spoon",false,false,"Service Items",0,0,0,"NOS",0,0,0,5,,""
"Xi1YgyQdZhhsl5FAB7aF","thonnai & spoon",false,false,"Service Items",0,0,0,"NOS",0,0,0,5,,""